SEASON_ID_HOME,TEAM_ID_HOME,TEAM_ABBREVIATION_HOME,TEAM_NAME_HOME,GAME_ID_HOME,GAME_DATE,MATCHUP_HOME,WL_HOME,MIN_HOME,PTS_HOME,FGM_HOME,FGA_HOME,FG_PCT_HOME,FG3M_HOME,FG3A_HOME,FG3_PCT_HOME,FTM_HOME,FTA_HOME,FT_PCT_HOME,OREB_HOME,DREB_HOME,REB_HOME,AST_HOME,STL_HOME,BLK_HOME,TOV_HOME,PF_HOME,PLUS_MINUS_HOME,OPP_ABBR_HOME,SEASON_ID_AWAY,TEAM_ID_AWAY,TEAM_ABBREVIATION_AWAY,TEAM_NAME_AWAY,GAME_ID_AWAY,MATCHUP_AWAY,WL_AWAY,MIN_AWAY,PTS_AWAY,FGM_AWAY,FGA_AWAY,FG_PCT_AWAY,FG3M_AWAY,FG3A_AWAY,FG3_PCT_AWAY,FTM_AWAY,FTA_AWAY,FT_PCT_AWAY,OREB_AWAY,DREB_AWAY,REB_AWAY,AST_AWAY,STL_AWAY,BLK_AWAY,TOV_AWAY,PF_AWAY,PLUS_MINUS_AWAY,OPP_ABBR_AWAY
22017,1610612755,PHI,Philadelphia 76ers,21701223,2018-04-11,PHI vs. MIL,W,240,130,52,105,0.495,15,36,0.417,11,15,0.733,17,40,57,35,15,7,12,17,35.0,MIL,22017,1610612749,MIL,Milwaukee Bucks,21701223,MIL @ PHI,L,240,95,37,90,0.411,7,25,0.28,14,16,0.875,10,33,43,22,6,5,20,17,-35.0,PHI
22017,1610612740,NOP,New Orleans Pelicans,21701226,2018-04-11,NOP vs. SAS,W,239,122,52,88,0.591,5,19,0.263,13,19,0.684,11,40,51,30,11,5,19,20,24.0,SAS,22017,1610612759,SAS,San Antonio Spurs,21701226,SAS @ NOP,L,241,98,37,92,0.402,8,24,0.333,16,19,0.842,12,26,38,22,9,1,17,17,-24.0,NOP
22017,1610612757,POR,Portland Trail Blazers,21701229,2018-04-11,POR vs. UTA,W,240,102,41,89,0.461,9,24,0.375,11,16,0.688,7,39,46,19,9,9,10,22,9.0,UTA,22017,1610612762,UTA,Utah Jazz,21701229,UTA @ POR,L,241,93,33,89,0.371,8,23,0.348,19,24,0.792,14,39,53,18,5,7,14,19,-9.0,POR
22017,1610612748,MIA,Miami Heat,21701221,2018-04-11,MIA vs. TOR,W,265,116,46,106,0.434,11,26,0.423,13,20,0.65,19,37,56,26,8,7,9,18,7.0,TOR,22017,1610612761,TOR,Toronto Raptors,21701221,TOR @ MIA,L,265,109,42,92,0.457,9,30,0.3,16,21,0.762,9,38,47,24,5,10,13,24,-7.0,MIA
22017,1610612762,UTA,Utah Jazz,21701217,2018-04-10,UTA vs. GSW,W,240,119,48,90,0.533,13,35,0.371,10,13,0.769,12,42,54,25,10,6,15,20,40.0,GSW,22017,1610612744,GSW,Golden State Warriors,21701217,GSW @ UTA,L,239,79,30,86,0.349,5,19,0.263,14,16,0.875,9,30,39,14,7,3,15,18,-40.0,UTA
22017,1610612764,WAS,Washington Wizards,21701215,2018-04-10,WAS vs. BOS,W,240,113,41,83,0.494,15,30,0.5,16,20,0.8,10,41,51,32,8,3,20,24,12.0,BOS,22017,1610612738,BOS,Boston Celtics,21701215,BOS @ WAS,L,241,101,33,87,0.379,13,33,0.394,22,27,0.815,13,31,44,22,14,1,16,18,-12.0,WAS
22017,1610612748,MIA,Miami Heat,21701206,2018-04-09,MIA vs. OKC,L,239,93,40,87,0.46,5,22,0.227,8,14,0.571,8,35,43,21,6,4,15,24,-22.0,OKC,22017,1610612760,OKC,Oklahoma City Thunder,21701206,OKC @ MIA,W,241,115,35,81,0.432,14,35,0.4,31,38,0.816,7,36,43,21,9,4,9,15,22.0,MIA
22017,1610612745,HOU,Houston Rockets,21701194,2018-04-07,HOU vs. OKC,L,240,102,36,76,0.474,14,37,0.378,16,23,0.696,6,35,41,23,7,5,17,24,1.2,OKC,22017,1610612760,OKC,Oklahoma City Thunder,21701194,OKC @ HOU,W,241,108,36,91,0.396,10,33,0.303,26,33,0.788,15,27,42,21,11,5,11,20,-2.8,HOU
22017,1610612759,SAS,San Antonio Spurs,21701196,2018-04-07,SAS vs. POR,W,240,116,47,84,0.56,7,21,0.333,15,21,0.714,4,32,36,21,12,3,7,12,11.0,POR,22017,1610612757,POR,Portland Trail Blazers,21701196,POR @ SAS,L,241,105,42,88,0.477,11,28,0.393,10,11,0.909,11,29,40,18,4,5,13,17,-11.0,SAS
22017,1610612744,GSW,Golden State Warriors,21701195,2018-04-07,GSW vs. NOP,L,241,120,49,90,0.544,15,33,0.455,7,11,0.636,8,34,42,31,3,0,17,21,-6.0,NOP,22017,1610612740,NOP,New Orleans Pelicans,21701195,NOP @ GSW,W,240,126,49,87,0.563,11,27,0.407,17,22,0.773,4,30,34,39,15,6,8,16,6.0,GSW
22017,1610612761,TOR,Toronto Raptors,21701187,2018-04-06,TOR vs. IND,W,240,92,36,84,0.429,9,30,0.3,11,16,0.688,9,43,52,27,9,8,19,17,19.0,IND,22017,1610612754,IND,Indiana Pacers,21701187,IND @ TOR,L,240,73,26,87,0.299,7,21,0.333,14,20,0.7,12,32,44,16,8,8,12,21,-19.0,TOR
22017,1610612755,PHI,Philadelphia 76ers,21701183,2018-04-06,PHI vs. CLE,W,239,132,50,101,0.495,14,39,0.359,18,21,0.857,11,33,44,35,11,7,12,23,2.0,CLE,22017,1610612739,CLE,Cleveland Cavaliers,21701183,CLE @ PHI,L,239,130,45,87,0.517,16,34,0.471,24,33,0.727,8,33,41,24,6,2,15,20,-2.0,PHI
22017,1610612739,CLE,Cleveland Cavaliers,21701176,2018-04-05,CLE vs. WAS,W,240,119,42,77,0.545,13,27,0.481,22,28,0.786,5,30,35,26,10,3,16,14,4.0,WAS,22017,1610612764,WAS,Washington Wizards,21701176,WAS @ CLE,L,240,115,47,94,0.5,9,21,0.429,12,14,0.857,12,29,41,34,8,7,15,23,-4.0,CLE
22017,1610612754,IND,Indiana Pacers,21701175,2018-04-05,IND vs. GSW,W,239,126,50,93,0.538,15,29,0.517,11,15,0.733,13,34,47,32,11,3,12,24,20.0,GSW,22017,1610612744,GSW,Golden State Warriors,21701175,GSW @ IND,L,240,106,37,83,0.446,9,29,0.31,23,24,0.958,13,26,39,29,6,5,16,14,-20.0,IND
22017,1610612745,HOU,Houston Rockets,21701177,2018-04-05,HOU vs. POR,W,239,96,34,73,0.466,13,37,0.351,15,24,0.625,6,32,38,16,10,5,15,16,2.0,POR,22017,1610612757,POR,Portland Trail Blazers,21701177,POR @ HOU,L,241,94,39,85,0.459,7,22,0.318,9,14,0.643,12,35,47,16,10,2,18,20,-2.0,HOU
22017,1610612761,TOR,Toronto Raptors,21701171,2018-04-04,TOR vs. BOS,W,240,96,40,92,0.435,10,33,0.303,6,8,0.75,12,36,48,23,10,6,10,25,18.0,BOS,22017,1610612738,BOS,Boston Celtics,21701171,BOS @ TOR,L,237,78,25,75,0.333,3,22,0.136,25,28,0.893,8,35,43,10,7,3,16,16,-18.0,TOR
22017,1610612745,HOU,Houston Rockets,21701161,2018-04-03,HOU vs. WAS,W,240,120,43,84,0.512,16,46,0.348,18,27,0.667,10,36,46,26,13,3,9,14,16.0,WAS,22017,1610612764,WAS,Washington Wizards,21701161,WAS @ HOU,L,240,104,38,72,0.528,12,25,0.48,16,23,0.696,3,33,36,25,6,1,17,21,-16.0,HOU
22017,1610612760,OKC,Oklahoma City Thunder,21701163,2018-04-03,OKC vs. GSW,L,240,107,35,93,0.376,9,38,0.237,28,37,0.757,22,36,58,13,8,3,16,20,-4.0,GSW,22017,1610612744,GSW,Golden State Warriors,21701163,GSW @ OKC,W,240,111,41,83,0.494,8,29,0.276,21,24,0.875,6,34,40,27,9,5,13,25,4.0,OKC
22017,1610612749,MIL,Milwaukee Bucks,21701162,2018-04-03,MIL vs. BOS,W,241,106,43,79,0.544,5,20,0.25,15,21,0.714,9,32,41,27,6,5,15,23,4.0,BOS,22017,1610612738,BOS,Boston Celtics,21701162,BOS @ MIL,L,240,102,38,81,0.469,7,23,0.304,19,24,0.792,10,27,37,19,10,6,17,17,-4.0,MIL
22017,1610612739,CLE,Cleveland Cavaliers,21701156,2018-04-03,CLE vs. TOR,W,238,112,38,77,0.494,13,30,0.433,23,26,0.885,2,40,42,18,8,6,12,17,6.0,TOR,22017,1610612761,TOR,Toronto Raptors,21701156,TOR @ CLE,L,239,106,42,94,0.447,11,34,0.324,11,14,0.786,9,37,46,28,7,1,11,23,-6.0,CLE
22017,1610612750,MIN,Minnesota Timberwolves,21701151,2018-04-01,MIN vs. UTA,L,240,97,38,90,0.422,8,24,0.333,13,14,0.929,7,25,32,19,10,1,12,17,-24.0,UTA,22017,1610612762,UTA,Utah Jazz,21701151,UTA @ MIN,W,240,121,46,76,0.605,11,28,0.393,18,25,0.72,6,39,45,29,8,7,16,19,24.0,MIN
22017,1610612759,SAS,San Antonio Spurs,21701145,2018-04-01,SAS vs. HOU,W,240,100,40,81,0.494,6,17,0.353,14,21,0.667,8,40,48,19,8,8,8,19,17.0,HOU,22017,1610612745,HOU,Houston Rockets,21701145,HOU @ SAS,L,239,83,26,77,0.338,7,31,0.226,24,29,0.828,8,34,42,12,3,3,9,19,-17.0,SAS
22017,1610612740,NOP,New Orleans Pelicans,21701150,2018-04-01,NOP vs. OKC,L,239,104,38,83,0.458,11,32,0.344,17,23,0.739,7,37,44,28,13,3,21,20,-5.0,OKC,22017,1610612760,OKC,Oklahoma City Thunder,21701150,OKC @ NOP,W,241,109,41,95,0.432,9,31,0.29,18,25,0.72,14,37,51,24,13,4,18,22,5.0,NOP
22017,1610612738,BOS,Boston Celtics,21701140,2018-03-31,BOS vs. TOR,W,240,110,40,88,0.455,7,17,0.412,23,27,0.852,8,33,41,19,6,3,5,23,11.0,TOR,22017,1610612761,TOR,Toronto Raptors,21701140,TOR @ BOS,L,240,99,37,80,0.463,8,35,0.229,17,22,0.773,9,37,46,23,1,5,15,26,-11.0,BOS
22017,1610612739,CLE,Cleveland Cavaliers,21701131,2018-03-30,CLE vs. NOP,W,240,107,43,90,0.478,10,24,0.417,11,15,0.733,9,36,45,22,6,2,10,14,5.0,NOP,22017,1610612740,NOP,New Orleans Pelicans,21701131,NOP @ CLE,L,240,102,43,89,0.483,11,26,0.423,5,6,0.833,7,34,41,25,4,2,11,19,-5.0,CLE
22017,1610612759,SAS,San Antonio Spurs,21701126,2018-03-29,SAS vs. OKC,W,239,103,34,81,0.42,13,31,0.419,22,30,0.733,14,34,48,22,13,6,16,18,4.0,OKC,22017,1610612760,OKC,Oklahoma City Thunder,21701126,OKC @ SAS,L,240,99,37,85,0.435,11,30,0.367,14,21,0.667,10,33,43,19,11,3,15,23,-4.0,SAS
22017,1610612744,GSW,Golden State Warriors,21701128,2018-03-29,GSW vs. MIL,L,239,107,41,75,0.547,10,20,0.5,15,15,1.0,2,29,31,26,10,7,18,19,-9.0,MIL,22017,1610612749,MIL,Milwaukee Bucks,21701128,MIL @ GSW,W,240,116,48,87,0.552,11,20,0.55,9,10,0.9,7,29,36,30,16,3,15,17,9.0,GSW
22017,1610612762,UTA,Utah Jazz,21701121,2018-03-28,UTA vs. BOS,L,241,94,34,82,0.415,9,33,0.273,17,21,0.81,12,33,45,25,7,6,16,18,-3.0,BOS,22017,1610612738,BOS,Boston Celtics,21701121,BOS @ UTA,W,240,97,35,79,0.443,12,21,0.571,15,20,0.75,11,31,42,20,11,2,16,18,3.0,UTA
22017,1610612748,MIA,Miami Heat,21701110,2018-03-27,MIA vs. CLE,W,240,98,37,78,0.474,9,29,0.31,15,20,0.75,9,35,44,24,10,9,14,18,19.0,CLE,22017,1610612739,CLE,Cleveland Cavaliers,21701110,CLE @ MIA,L,241,79,31,85,0.365,4,26,0.154,13,19,0.684,12,30,42,15,8,1,14,18,-19.0,MIA
22017,1610612744,GSW,Golden State Warriors,21701114,2018-03-27,GSW vs. IND,L,241,81,35,86,0.407,5,17,0.294,6,9,0.667,17,34,51,21,4,9,16,17,-11.0,IND,22017,1610612754,IND,Indiana Pacers,21701114,IND @ GSW,W,242,92,39,81,0.481,6,21,0.286,8,12,0.667,8,30,38,22,10,2,10,14,11.0,GSW
22017,1610612740,NOP,New Orleans Pelicans,21701112,2018-03-27,NOP vs. POR,L,241,103,43,94,0.457,4,24,0.167,13,14,0.929,11,43,54,28,3,10,16,19,-4.0,POR,22017,1610612757,POR,Portland Trail Blazers,21701112,POR @ NOP,W,240,107,44,105,0.419,10,32,0.313,9,10,0.9,17,30,47,20,11,7,10,17,4.0,NOP
22017,1610612764,WAS,Washington Wizards,21701108,2018-03-27,WAS vs. SAS,W,241,116,46,85,0.541,10,24,0.417,14,18,0.778,10,40,50,33,5,7,16,27,10.0,SAS,22017,1610612759,SAS,San Antonio Spurs,21701108,SAS @ WAS,L,240,106,39,87,0.448,10,25,0.4,18,33,0.545,10,27,37,29,7,5,8,17,-10.0,WAS
22017,1610612760,OKC,Oklahoma City Thunder,21701100,2018-03-25,OKC vs. POR,L,241,105,37,84,0.44,8,27,0.296,23,28,0.821,13,26,39,16,9,5,10,19,-3.0,POR,22017,1610612757,POR,Portland Trail Blazers,21701100,POR @ OKC,W,239,108,42,90,0.467,9,34,0.265,15,19,0.789,18,31,49,20,8,7,13,19,3.0,OKC
22017,1610612754,IND,Indiana Pacers,21701096,2018-03-25,IND vs. MIA,W,266,113,44,90,0.489,8,23,0.348,17,21,0.81,10,41,51,26,12,7,17,17,6.0,MIA,22017,1610612748,MIA,Miami Heat,21701096,MIA @ IND,L,265,107,41,86,0.477,14,35,0.4,11,14,0.786,7,32,39,32,10,3,17,20,-6.0,IND
22017,1610612744,GSW,Golden State Warriors,21701102,2018-03-25,GSW vs. UTA,L,239,91,38,91,0.418,6,15,0.4,9,10,0.9,14,27,41,24,9,7,11,19,-19.0,UTA,22017,1610612762,UTA,Utah Jazz,21701102,UTA @ GSW,W,239,110,42,87,0.483,12,28,0.429,14,18,0.778,11,36,47,27,6,8,14,16,19.0,GSW
22017,1610612749,MIL,Milwaukee Bucks,21701095,2018-03-25,MIL vs. SAS,W,240,106,42,86,0.488,9,27,0.333,13,18,0.722,9,28,37,27,6,6,10,18,3.8,SAS,22017,1610612759,SAS,San Antonio Spurs,21701095,SAS @ MIL,L,239,103,41,92,0.446,4,17,0.235,17,21,0.81,20,33,53,16,4,2,12,17,-7.0,MIL
22017,1610612745,HOU,Houston Rockets,21701091,2018-03-24,HOU vs. NOP,W,239,114,45,93,0.484,18,47,0.383,6,8,0.75,5,43,48,22,10,8,19,17,23.0,NOP,22017,1610612740,NOP,New Orleans Pelicans,21701091,NOP @ HOU,L,241,91,38,96,0.396,6,21,0.286,9,12,0.75,12,34,46,19,10,6,16,14,-23.0,HOU
22017,1610612755,PHI,Philadelphia 76ers,21701088,2018-03-24,PHI vs. MIN,W,240,120,42,88,0.477,13,37,0.351,23,36,0.639,7,44,51,33,9,10,15,29,12.0,MIN,22017,1610612750,MIN,Minnesota Timberwolves,21701088,MIN @ PHI,L,240,108,37,96,0.385,6,23,0.261,28,38,0.737,13,40,53,19,7,3,14,27,-12.0,PHI
22017,1610612760,OKC,Oklahoma City Thunder,21701084,2018-03-23,OKC vs. MIA,W,240,105,36,84,0.429,8,26,0.308,25,33,0.758,12,39,51,17,7,1,11,23,6.0,MIA,22017,1610612748,MIA,Miami Heat,21701084,MIA @ OKC,L,240,99,34,87,0.391,13,30,0.433,18,20,0.9,8,33,41,22,4,1,10,25,-6.0,OKC
22017,1610612759,SAS,San Antonio Spurs,21701085,2018-03-23,SAS vs. UTA,W,266,124,47,92,0.511,7,17,0.412,23,27,0.852,11,38,49,21,9,7,13,25,5.0,UTA,22017,1610612762,UTA,Utah Jazz,21701085,UTA @ SAS,L,265,120,43,88,0.489,11,28,0.393,23,29,0.793,5,29,34,24,10,3,15,23,-5.0,SAS
22017,1610612757,POR,Portland Trail Blazers,21701086,2018-03-23,POR vs. BOS,L,242,100,40,91,0.44,8,33,0.242,12,15,0.8,11,32,43,16,8,5,8,20,-5.0,BOS,22017,1610612738,BOS,Boston Celtics,21701086,BOS @ POR,W,242,105,35,77,0.455,11,18,0.611,24,26,0.923,9,36,45,22,5,4,13,18,5.0,POR
22017,1610612759,SAS,San Antonio Spurs,21701071,2018-03-21,SAS vs. WAS,W,241,98,39,79,0.494,7,23,0.304,13,18,0.722,12,30,42,21,7,10,15,17,8.0,WAS,22017,1610612764,WAS,Washington Wizards,21701071,WAS @ SAS,L,240,90,35,83,0.422,8,25,0.32,12,16,0.75,9,26,35,27,11,4,12,16,-8.0,SAS
22017,1610612740,NOP,New Orleans Pelicans,21700809,2018-03-21,NOP vs. IND,W,240,96,34,79,0.43,8,23,0.348,20,24,0.833,10,40,50,15,4,11,18,19,4.0,IND,22017,1610612754,IND,Indiana Pacers,21700809,IND @ NOP,L,239,92,34,93,0.366,7,22,0.318,17,18,0.944,15,33,48,15,13,5,14,21,-4.0,NOP
22017,1610612739,CLE,Cleveland Cavaliers,21701065,2018-03-21,CLE vs. TOR,W,240,132,47,78,0.603,15,24,0.625,23,28,0.821,4,29,33,28,3,4,9,18,3.0,TOR,22017,1610612761,TOR,Toronto Raptors,21701065,TOR @ CLE,L,239,129,47,88,0.534,15,34,0.441,20,23,0.87,10,23,33,32,4,5,6,23,-3.0,CLE
22017,1610612738,BOS,Boston Celtics,21701059,2018-03-20,BOS vs. OKC,W,239,100,36,87,0.414,13,36,0.361,15,16,0.938,11,41,52,22,6,5,17,24,1.0,OKC,22017,1610612760,OKC,Oklahoma City Thunder,21701059,OKC @ BOS,L,241,99,35,85,0.412,10,27,0.37,19,29,0.655,8,36,44,19,6,6,13,20,-1.0,BOS
22017,1610612757,POR,Portland Trail Blazers,21701064,2018-03-20,POR vs. HOU,L,240,111,40,81,0.494,11,28,0.393,20,27,0.741,10,34,44,20,6,7,8,18,-4.0,HOU,22017,1610612745,HOU,Houston Rockets,21701064,HOU @ POR,W,241,115,38,79,0.481,19,36,0.528,20,29,0.69,7,31,38,18,3,4,9,23,4.0,POR
22017,1610612739,CLE,Cleveland Cavaliers,21701050,2018-03-19,CLE vs. MIL,W,241,124,43,87,0.494,15,38,0.395,23,27,0.852,12,30,42,24,4,6,13,17,7.0,MIL,22017,1610612749,MIL,Milwaukee Bucks,21701050,MIL @ CLE,L,241,117,45,88,0.511,8,31,0.258,19,20,0.95,8,24,32,26,11,7,15,23,-7.0,CLE
22017,1610612759,SAS,San Antonio Spurs,21701056,2018-03-19,SAS vs. GSW,W,240,89,33,82,0.402,8,23,0.348,15,21,0.714,11,37,48,21,6,5,14,20,14.0,GSW,22017,1610612744,GSW,Golden State Warriors,21701056,GSW @ SAS,L,240,75,30,74,0.405,3,19,0.158,12,16,0.75,2,34,36,17,7,9,15,24,-14.0,SAS
22017,1610612740,NOP,New Orleans Pelicans,21701047,2018-03-18,NOP vs. BOS,W,241,108,41,82,0.5,6,18,0.333,20,25,0.8,5,39,44,33,9,5,10,13,19.0,BOS,22017,1610612738,BOS,Boston Celtics,21701047,BOS @ NOP,L,240,89,35,87,0.402,9,26,0.346,10,20,0.5,9,35,44,17,8,3,12,21,-19.0,NOP
22017,1610612761,TOR,Toronto Raptors,21701046,2018-03-18,TOR vs. OKC,L,238,125,46,81,0.568,15,30,0.5,18,23,0.783,8,23,31,31,5,1,19,25,-7.0,OKC,22017,1610612760,OKC,Oklahoma City Thunder,21701046,OKC @ TOR,W,240,132,49,88,0.557,10,21,0.476,24,34,0.706,14,25,39,27,11,2,17,24,7.0,TOR
22017,1610612750,MIN,Minnesota Timberwolves,21701048,2018-03-18,MIN vs. HOU,L,240,120,45,86,0.523,10,20,0.5,20,26,0.769,14,27,41,24,7,1,12,26,-9.0,HOU,22017,1610612745,HOU,Houston Rockets,21701048,HOU @ MIN,W,241,129,43,78,0.551,16,35,0.457,27,36,0.75,8,25,33,28,7,8,11,26,9.0,MIN
22017,1610612764,WAS,Washington Wizards,21701035,2018-03-17,WAS vs. IND,W,240,109,40,74,0.541,10,20,0.5,19,23,0.826,6,32,38,29,9,2,14,17,7.0,IND,22017,1610612754,IND,Indiana Pacers,21701035,IND @ WAS,L,242,102,39,86,0.453,12,24,0.5,12,15,0.8,10,28,38,24,6,4,15,18,-7.0,WAS
22017,1610612740,NOP,New Orleans Pelicans,21701036,2018-03-17,NOP vs. HOU,L,240,101,41,83,0.494,8,24,0.333,11,12,0.917,6,34,40,18,4,8,12,19,-6.0,HOU,22017,1610612745,HOU,Houston Rockets,21701036,HOU @ NOP,W,239,107,39,93,0.419,15,41,0.366,14,18,0.778,13,33,46,19,8,7,7,19,6.0,NOP
22017,1610612759,SAS,San Antonio Spurs,21701042,2018-03-17,SAS vs. MIN,W,242,117,49,96,0.51,6,26,0.231,13,14,0.929,14,27,41,32,11,8,5,17,16.0,MIN,22017,1610612750,MIN,Minnesota Timberwolves,21701042,MIN @ SAS,L,239,101,39,81,0.481,7,12,0.583,16,20,0.8,10,24,34,22,3,2,16,16,-16.0,SAS
22017,1610612754,IND,Indiana Pacers,21701020,2018-03-15,IND vs. TOR,L,240,99,40,93,0.43,7,24,0.292,12,17,0.706,11,23,34,17,12,1,8,25,-7.0,TOR,22017,1610612761,TOR,Toronto Raptors,21701020,TOR @ IND,W,239,106,35,79,0.443,12,32,0.375,24,28,0.857,18,39,57,20,4,8,20,19,7.0,IND
22017,1610612759,SAS,San Antonio Spurs,21701025,2018-03-15,SAS vs. NOP,W,239,98,37,99,0.374,7,26,0.269,17,19,0.895,15,37,52,16,10,11,10,14,5.0,NOP,22017,1610612740,NOP,New Orleans Pelicans,21701025,NOP @ SAS,L,240,93,36,90,0.4,6,16,0.375,15,16,0.938,12,41,53,18,7,7,14,18,-5.0,SAS
22017,1610612757,POR,Portland Trail Blazers,21701028,2018-03-15,POR vs. CLE,W,241,113,43,96,0.448,12,35,0.343,15,19,0.789,13,37,50,26,4,3,7,15,7.8,CLE,22017,1610612739,CLE,Cleveland Cavaliers,21701028,CLE @ POR,L,239,105,41,80,0.513,11,33,0.333,12,21,0.571,2,32,34,17,5,7,11,21,-8.6,POR
22017,1610612738,BOS,Boston Celtics,21701017,2018-03-14,BOS vs. WAS,L,289,124,48,99,0.485,12,26,0.462,16,23,0.696,10,34,44,30,9,5,17,22,-1.0,WAS,22017,1610612764,WAS,Washington Wizards,21701017,WAS @ BOS,W,289,125,46,97,0.474,12,32,0.375,21,28,0.75,13,39,52,29,10,6,19,26,1.0,BOS
22017,1610612764,WAS,Washington Wizards,21701006,2018-03-13,WAS vs. MIN,L,240,111,42,82,0.512,8,20,0.4,19,25,0.76,14,25,39,26,6,4,11,17,-5.0,MIN,22017,1610612750,MIN,Minnesota Timberwolves,21701006,MIN @ WAS,W,241,116,46,87,0.529,7,21,0.333,17,19,0.895,11,26,37,23,10,7,10,21,5.0,WAS
22017,1610612755,PHI,Philadelphia 76ers,21701005,2018-03-13,PHI vs. IND,L,240,98,35,75,0.467,10,30,0.333,18,22,0.818,7,41,48,24,3,7,21,25,-3.0,IND,22017,1610612754,IND,Indiana Pacers,21701005,IND @ PHI,W,238,101,38,95,0.4,5,24,0.208,20,25,0.8,14,31,45,20,13,2,9,23,3.0,PHI
22017,1610612745,HOU,Houston Rockets,21701001,2018-03-12,HOU vs. SAS,W,240,109,39,80,0.488,13,44,0.295,18,23,0.783,9,41,50,24,6,4,15,24,16.0,SAS,22017,1610612759,SAS,San Antonio Spurs,21701001,SAS @ HOU,L,243,93,33,81,0.407,11,28,0.393,16,23,0.696,7,29,36,20,5,2,13,17,-16.0,HOU
22017,1610612757,POR,Portland Trail Blazers,21701004,2018-03-12,POR vs. MIA,W,239,115,38,83,0.458,14,36,0.389,25,30,0.833,9,41,50,23,5,6,12,15,16.0,MIA,22017,1610612748,MIA,Miami Heat,21701004,MIA @ POR,L,241,99,39,91,0.429,10,31,0.323,11,16,0.688,10,36,46,24,6,4,11,24,-16.0,POR
22017,1610612750,MIN,Minnesota Timberwolves,21700994,2018-03-11,MIN vs. GSW,W,241,109,44,95,0.463,6,20,0.3,15,21,0.714,13,37,50,27,7,3,9,15,6.0,GSW,22017,1610612744,GSW,Golden State Warriors,21700994,GSW @ MIN,L,239,103,37,91,0.407,10,36,0.278,19,21,0.905,12,38,50,22,6,7,13,17,-6.0,MIN
22017,1610612738,BOS,Boston Celtics,21700998,2018-03-11,BOS vs. IND,L,241,97,34,81,0.42,12,37,0.324,17,21,0.81,10,32,42,26,10,5,16,13,-2.0,IND,22017,1610612754,IND,Indiana Pacers,21700998,IND @ BOS,W,242,99,39,81,0.481,12,22,0.545,9,10,0.9,6,33,39,26,9,7,18,20,2.0,BOS
22017,1610612740,NOP,New Orleans Pelicans,21700995,2018-03-11,NOP vs. UTA,L,239,99,41,93,0.441,6,21,0.286,11,13,0.846,10,28,38,28,7,14,13,25,-17.0,UTA,22017,1610612762,UTA,Utah Jazz,21700995,UTA @ NOP,W,240,116,40,96,0.417,12,32,0.375,24,25,0.96,17,38,55,24,4,3,15,20,17.0,NOP
22017,1610612748,MIA,Miami Heat,21700988,2018-03-10,MIA vs. WAS,W,240,129,52,88,0.591,10,28,0.357,15,21,0.714,5,37,42,27,9,5,10,25,27.0,WAS,22017,1610612764,WAS,Washington Wizards,21700988,WAS @ MIA,L,240,102,34,77,0.442,7,20,0.35,27,34,0.794,8,32,40,22,4,2,15,20,-27.0,MIA
22017,1610612760,OKC,Oklahoma City Thunder,21700990,2018-03-10,OKC vs. SAS,W,241,104,39,85,0.459,10,28,0.357,16,24,0.667,11,38,49,24,8,4,15,13,10.0,SAS,22017,1610612759,SAS,San Antonio Spurs,21700990,SAS @ OKC,L,241,94,40,86,0.465,10,20,0.5,4,7,0.571,6,37,43,26,6,3,14,22,-10.0,OKC
22017,1610612740,NOP,New Orleans Pelicans,21700982,2018-03-09,NOP vs. WAS,L,241,97,38,82,0.463,6,20,0.3,15,18,0.833,2,36,38,23,3,10,15,18,-19.0,WAS,22017,1610612764,WAS,Washington Wizards,21700982,WAS @ NOP,W,237,116,46,96,0.479,9,26,0.346,15,20,0.75,10,39,49,34,10,4,12,16,19.0,NOP
22017,1610612757,POR,Portland Trail Blazers,21700984,2018-03-09,POR vs. GSW,W,240,125,44,89,0.494,16,39,0.41,21,27,0.778,14,32,46,21,4,2,11,17,17.0,GSW,22017,1610612744,GSW,Golden State Warriors,21700984,GSW @ POR,L,241,108,38,78,0.487,12,28,0.429,20,24,0.833,6,27,33,20,5,3,10,20,-17.0,POR
22017,1610612761,TOR,Toronto Raptors,21700979,2018-03-09,TOR vs. HOU,W,240,108,41,85,0.482,15,38,0.395,11,14,0.786,12,30,42,22,7,2,16,20,3.0,HOU,22017,1610612745,HOU,Houston Rockets,21700979,HOU @ TOR,L,238,105,40,81,0.494,9,27,0.333,16,23,0.696,7,29,36,15,9,3,13,13,-3.0,TOR
22017,1610612750,MIN,Minnesota Timberwolves,21700974,2018-03-08,MIN vs. BOS,L,240,109,44,94,0.468,12,31,0.387,9,13,0.692,13,34,47,24,3,3,12,22,-8.0,BOS,22017,1610612738,BOS,Boston Celtics,21700974,BOS @ MIN,W,240,117,43,87,0.494,11,32,0.344,20,27,0.741,9,37,46,28,7,2,11,17,8.0,MIN
22017,1610612748,MIA,Miami Heat,21700973,2018-03-08,MIA vs. PHI,W,241,108,42,89,0.472,14,26,0.538,10,18,0.556,6,43,49,26,10,8,14,20,9.0,PHI,22017,1610612755,PHI,Philadelphia 76ers,21700973,PHI @ MIA,L,239,99,34,86,0.395,15,37,0.405,16,21,0.762,9,37,46,28,9,4,18,20,-9.0,MIA
22017,1610612744,GSW,Golden State Warriors,21700976,2018-03-08,GSW vs. SAS,W,239,110,41,95,0.432,8,30,0.267,20,23,0.87,12,37,49,30,6,12,10,18,3.0,SAS,22017,1610612759,SAS,San Antonio Spurs,21700976,SAS @ GSW,L,239,107,43,95,0.453,6,22,0.273,15,18,0.833,10,35,45,29,7,3,12,20,-3.0,GSW
22017,1610612749,MIL,Milwaukee Bucks,21700968,2018-03-07,MIL vs. HOU,L,240,99,38,83,0.458,9,28,0.321,14,19,0.737,6,32,38,21,9,3,13,22,-11.0,HOU,22017,1610612745,HOU,Houston Rockets,21700968,HOU @ MIL,W,242,110,39,82,0.476,14,40,0.35,18,27,0.667,12,35,47,22,9,5,16,21,11.0,MIL
22017,1610612754,IND,Indiana Pacers,21700965,2018-03-07,IND vs. UTA,L,240,84,34,88,0.386,3,23,0.13,13,17,0.765,14,31,45,12,9,3,12,17,-20.0,UTA,22017,1610612762,UTA,Utah Jazz,21700965,UTA @ IND,W,240,104,41,80,0.513,11,31,0.355,11,16,0.688,7,35,42,30,9,5,12,18,20.0,IND
22017,1610612760,OKC,Oklahoma City Thunder,21700960,2018-03-06,OKC vs. HOU,L,239,112,46,93,0.495,12,34,0.353,8,11,0.727,12,22,34,18,12,4,19,28,-10.0,HOU,22017,1610612745,HOU,Houston Rockets,21700960,HOU @ OKC,W,240,122,38,72,0.528,17,33,0.515,29,34,0.853,7,30,37,25,11,7,20,20,10.0,OKC
22017,1610612764,WAS,Washington Wizards,21700959,2018-03-06,WAS vs. MIA,W,266,117,40,80,0.5,14,24,0.583,23,27,0.852,8,33,41,25,7,3,18,22,4.0,MIA,22017,1610612748,MIA,Miami Heat,21700959,MIA @ WAS,L,264,113,42,94,0.447,9,33,0.273,20,27,0.741,13,28,41,26,11,3,14,24,-4.0,WAS
22017,1610612754,IND,Indiana Pacers,21700951,2018-03-05,IND vs. MIL,W,240,92,33,77,0.429,10,17,0.588,16,21,0.762,8,29,37,18,13,5,14,15,3.0,MIL,22017,1610612749,MIL,Milwaukee Bucks,21700951,MIL @ IND,L,240,89,34,76,0.447,7,23,0.304,14,16,0.875,8,31,39,15,8,7,16,16,-3.0,IND
22017,1610612749,MIL,Milwaukee Bucks,21700947,2018-03-04,MIL vs. PHI,W,240,118,47,95,0.495,10,23,0.435,14,22,0.636,16,22,38,27,15,4,13,24,8.0,PHI,22017,1610612755,PHI,Philadelphia 76ers,21700947,PHI @ MIL,L,239,110,39,70,0.557,14,28,0.5,18,22,0.818,6,26,32,26,4,9,26,24,-8.0,MIL
22017,1610612764,WAS,Washington Wizards,21700945,2018-03-04,WAS vs. IND,L,241,95,35,83,0.422,10,27,0.37,15,19,0.789,10,32,42,21,9,2,14,21,-3.0,IND,22017,1610612754,IND,Indiana Pacers,21700945,IND @ WAS,W,241,98,34,77,0.442,8,25,0.32,22,24,0.917,11,32,43,11,10,0,16,18,3.0,WAS
22017,1610612757,POR,Portland Trail Blazers,21700941,2018-03-03,POR vs. OKC,W,240,108,39,88,0.443,11,33,0.333,19,23,0.826,14,33,47,20,6,8,15,21,8.0,OKC,22017,1610612760,OKC,Oklahoma City Thunder,21700941,OKC @ POR,L,240,100,40,91,0.44,6,27,0.222,14,21,0.667,9,31,40,18,6,6,12,21,-8.0,POR
22017,1610612745,HOU,Houston Rockets,21700939,2018-03-03,HOU vs. BOS,W,239,123,39,87,0.448,19,49,0.388,26,30,0.867,10,30,40,24,11,5,10,21,3.4,BOS,22017,1610612738,BOS,Boston Celtics,21700939,BOS @ HOU,L,240,120,44,91,0.484,13,24,0.542,19,21,0.905,10,28,38,22,6,3,13,21,-2.6,HOU
22017,1610612764,WAS,Washington Wizards,21700929,2018-03-02,WAS vs. TOR,L,239,95,36,79,0.456,9,24,0.375,14,21,0.667,15,32,47,24,2,5,17,25,-7.0,TOR,22017,1610612761,TOR,Toronto Raptors,21700929,TOR @ WAS,W,241,102,36,78,0.462,10,33,0.303,20,32,0.625,8,26,34,19,9,5,7,22,7.0,WAS
22017,1610612762,UTA,Utah Jazz,21700934,2018-03-02,UTA vs. MIN,W,239,116,40,78,0.513,9,29,0.31,27,35,0.771,11,34,45,21,7,5,18,21,8.0,MIN,22017,1610612750,MIN,Minnesota Timberwolves,21700934,MIN @ UTA,L,241,108,38,74,0.514,9,17,0.529,23,31,0.742,2,25,27,14,9,0,12,23,-8.0,UTA
22017,1610612749,MIL,Milwaukee Bucks,21700932,2018-03-02,MIL vs. IND,L,239,96,31,81,0.383,9,25,0.36,25,32,0.781,14,29,43,15,9,13,15,24,-7.0,IND,22017,1610612754,IND,Indiana Pacers,21700932,IND @ MIL,W,239,103,37,83,0.446,6,16,0.375,23,30,0.767,13,35,48,19,12,4,14,23,7.0,MIL
22017,1610612739,CLE,Cleveland Cavaliers,21700923,2018-03-01,CLE vs. PHI,L,239,97,36,87,0.414,9,32,0.281,16,23,0.696,10,35,45,23,4,6,9,21,-11.0,PHI,22017,1610612755,PHI,Philadelphia 76ers,21700923,PHI @ CLE,W,240,108,40,90,0.444,10,30,0.333,18,27,0.667,14,40,54,22,4,5,9,20,11.0,CLE
22017,1610612757,POR,Portland Trail Blazers,21700925,2018-03-01,POR vs. MIN,W,241,108,36,92,0.391,9,30,0.3,27,35,0.771,12,36,48,17,9,6,8,18,9.0,MIN,22017,1610612750,MIN,Minnesota Timberwolves,21700925,MIN @ POR,L,240,99,38,85,0.447,4,20,0.2,19,21,0.905,9,40,49,16,5,7,15,24,-9.0,POR
22017,1610612764,WAS,Washington Wizards,21700917,2018-02-28,WAS vs. GSW,L,240,101,36,90,0.4,11,32,0.344,18,21,0.857,18,33,51,25,6,4,16,24,-8.0,GSW,22017,1610612744,GSW,Golden State Warriors,21700917,GSW @ WAS,W,240,109,37,72,0.514,10,24,0.417,25,30,0.833,3,33,36,24,10,8,14,21,8.0,WAS
22017,1610612759,SAS,San Antonio Spurs,21700920,2018-02-28,SAS vs. NOP,L,241,116,48,99,0.485,9,26,0.346,11,14,0.786,13,34,47,23,7,9,11,15,-5.0,NOP,22017,1610612740,NOP,New Orleans Pelicans,21700920,NOP @ SAS,W,239,121,50,99,0.505,9,26,0.346,12,15,0.8,12,31,43,26,7,3,12,17,5.0,SAS
22017,1610612748,MIA,Miami Heat,21700909,2018-02-27,MIA vs. PHI,W,239,102,36,82,0.439,9,27,0.333,21,28,0.75,11,26,37,19,12,9,15,19,1.0,PHI,22017,1610612755,PHI,Philadelphia 76ers,21700909,PHI @ MIA,L,239,101,35,84,0.417,12,31,0.387,19,23,0.826,10,34,44,25,10,3,23,24,-1.0,MIA
22017,1610612749,MIL,Milwaukee Bucks,21700910,2018-02-27,MIL vs. WAS,L,239,104,35,77,0.455,10,26,0.385,24,28,0.857,8,32,40,20,10,9,16,20,-3.0,WAS,22017,1610612764,WAS,Washington Wizards,21700910,WAS @ MIL,W,238,107,42,88,0.477,7,20,0.35,16,22,0.727,9,31,40,30,9,6,11,22,3.0,MIL
22017,1610612762,UTA,Utah Jazz,21700905,2018-02-26,UTA vs. HOU,L,240,85,31,71,0.437,7,29,0.241,16,22,0.727,7,32,39,21,6,4,22,19,-11.0,HOU,22017,1610612745,HOU,Houston Rockets,21700905,HOU @ UTA,W,240,96,34,79,0.43,9,33,0.273,19,25,0.76,9,31,40,15,15,2,15,21,11.0,UTA
22017,1610612749,MIL,Milwaukee Bucks,21700893,2018-02-25,MIL vs. NOP,L,264,121,44,96,0.458,7,25,0.28,26,29,0.897,9,35,44,21,10,3,13,19,-2.0,NOP,22017,1610612740,NOP,New Orleans Pelicans,21700893,NOP @ MIL,W,266,123,51,107,0.477,10,30,0.333,11,14,0.786,11,39,50,22,8,7,15,24,2.0,MIL
22017,1610612764,WAS,Washington Wizards,21700895,2018-02-25,WAS vs. PHI,W,240,109,43,79,0.544,12,25,0.48,11,12,0.917,10,38,48,35,9,6,19,28,15.0,PHI,22017,1610612755,PHI,Philadelphia 76ers,21700895,PHI @ WAS,L,242,94,31,86,0.36,9,33,0.273,23,31,0.742,17,26,43,24,13,3,15,16,-15.0,WAS
22017,1610612739,CLE,Cleveland Cavaliers,21700894,2018-02-25,CLE vs. SAS,L,239,94,38,91,0.418,8,34,0.235,10,14,0.714,13,34,47,18,8,3,15,24,-16.0,SAS,22017,1610612759,SAS,San Antonio Spurs,21700894,SAS @ CLE,W,241,110,38,86,0.442,9,19,0.474,25,32,0.781,10,34,44,22,11,9,9,12,16.0,CLE
22017,1610612744,GSW,Golden State Warriors,21700887,2018-02-24,GSW vs. OKC,W,239,112,42,89,0.472,17,38,0.447,11,13,0.846,12,42,54,36,8,6,14,21,32.0,OKC,22017,1610612760,OKC,Oklahoma City Thunder,21700887,OKC @ GSW,L,239,80,29,88,0.33,9,34,0.265,13,21,0.619,14,29,43,19,8,3,15,17,-32.0,GSW
22017,1610612745,HOU,Houston Rockets,21700877,2018-02-23,HOU vs. MIN,W,241,120,40,83,0.482,14,38,0.368,26,30,0.867,14,36,50,24,6,2,10,17,18.0,MIN,22017,1610612750,MIN,Minnesota Timberwolves,21700877,MIN @ HOU,L,239,102,40,94,0.426,10,26,0.385,12,16,0.75,16,27,43,19,6,3,10,22,-18.0,HOU
22017,1610612761,TOR,Toronto Raptors,21700876,2018-02-23,TOR vs. MIL,L,265,119,43,90,0.478,9,34,0.265,24,26,0.923,5,32,37,23,7,8,12,21,-3.0,MIL,22017,1610612749,MIL,Milwaukee Bucks,21700876,MIL @ TOR,W,265,122,43,90,0.478,13,26,0.5,23,27,0.852,13,38,51,21,6,3,18,24,3.0,TOR
22017,1610612740,NOP,New Orleans Pelicans,21700879,2018-02-23,NOP vs. MIA,W,265,124,48,108,0.444,8,31,0.258,20,24,0.833,13,43,56,27,9,13,15,18,1.0,MIA,22017,1610612748,MIA,Miami Heat,21700879,MIA @ NOP,L,264,123,50,108,0.463,6,18,0.333,17,26,0.654,13,45,58,26,12,5,13,23,-1.0,NOP
22017,1610612762,UTA,Utah Jazz,21700882,2018-02-23,UTA vs. POR,L,241,81,33,78,0.423,6,25,0.24,9,11,0.818,8,35,43,15,7,6,19,13,-19.0,POR,22017,1610612757,POR,Portland Trail Blazers,21700882,POR @ UTA,W,241,100,39,87,0.448,9,24,0.375,13,14,0.929,6,35,41,14,11,5,12,20,19.0,UTA
22017,1610612739,CLE,Cleveland Cavaliers,21700869,2018-02-22,CLE vs. WAS,L,241,103,42,84,0.5,8,35,0.229,11,19,0.579,6,30,36,20,5,2,13,15,-7.0,WAS,22017,1610612764,WAS,Washington Wizards,21700869,WAS @ CLE,W,239,110,44,92,0.478,12,30,0.4,10,10,1.0,9,34,43,29,9,3,10,23,7.0,CLE
22017,1610612757,POR,Portland Trail Blazers,21700864,2018-02-14,POR vs. GSW,W,240,123,45,93,0.484,12,33,0.364,21,24,0.875,13,36,49,20,9,0,13,18,6.0,GSW,22017,1610612744,GSW,Golden State Warriors,21700864,GSW @ POR,L,240,117,43,90,0.478,13,37,0.351,18,19,0.947,8,33,41,24,8,7,16,24,-6.0,POR
22017,1610612755,PHI,Philadelphia 76ers,21700855,2018-02-14,PHI vs. MIA,W,240,104,39,92,0.424,9,35,0.257,17,25,0.68,23,37,60,25,6,2,17,23,2.0,MIA,22017,1610612748,MIA,Miami Heat,21700855,MIA @ PHI,L,241,102,35,77,0.455,11,27,0.407,21,29,0.724,3,26,29,23,9,5,10,21,-2.0,PHI
22017,1610612760,OKC,Oklahoma City Thunder,21700850,2018-02-13,OKC vs. CLE,L,240,112,40,90,0.444,11,35,0.314,21,30,0.7,18,33,51,23,6,3,9,20,-8.0,CLE,22017,1610612739,CLE,Cleveland Cavaliers,21700850,CLE @ OKC,W,241,120,45,88,0.511,16,36,0.444,14,22,0.636,10,31,41,24,6,3,7,28,8.0,OKC
22017,1610612750,MIN,Minnesota Timberwolves,21700849,2018-02-13,MIN vs. HOU,L,240,108,40,84,0.476,6,23,0.261,22,23,0.957,9,31,40,22,3,4,8,20,-18.0,HOU,22017,1610612745,HOU,Houston Rockets,21700849,HOU @ MIN,W,241,126,41,83,0.494,22,47,0.468,22,29,0.759,9,28,37,25,1,4,6,23,18.0,MIN
22017,1610612761,TOR,Toronto Raptors,21700847,2018-02-13,TOR vs. MIA,W,240,115,42,90,0.467,13,35,0.371,18,23,0.783,7,33,40,24,7,3,8,19,3.0,MIA,22017,1610612748,MIA,Miami Heat,21700847,MIA @ TOR,L,240,112,42,86,0.488,12,29,0.414,16,19,0.842,10,41,51,24,5,3,16,18,-3.0,TOR
22017,1610612762,UTA,Utah Jazz,21700845,2018-02-12,UTA vs. SAS,W,240,101,35,84,0.417,11,24,0.458,20,30,0.667,9,34,43,15,7,5,9,24,2.0,SAS,22017,1610612759,SAS,San Antonio Spurs,21700845,SAS @ UTA,L,240,99,38,85,0.447,6,25,0.24,17,25,0.68,8,36,44,23,5,8,11,24,-2.0,UTA
22017,1610612757,POR,Portland Trail Blazers,21700840,2018-02-11,POR vs. UTA,L,241,96,33,81,0.407,9,25,0.36,21,25,0.84,6,31,37,16,7,4,13,22,-19.0,UTA,22017,1610612762,UTA,Utah Jazz,21700840,UTA @ POR,W,241,115,41,88,0.466,13,26,0.5,20,22,0.909,16,42,58,23,8,4,13,22,19.0,POR
22017,1610612738,BOS,Boston Celtics,21700835,2018-02-11,BOS vs. CLE,L,239,99,36,89,0.404,10,38,0.263,17,22,0.773,13,30,43,22,3,4,14,14,-22.0,CLE,22017,1610612739,CLE,Cleveland Cavaliers,21700835,CLE @ BOS,W,241,121,45,84,0.536,16,30,0.533,15,20,0.75,5,36,41,22,7,6,11,20,22.0,BOS
22017,1610612744,GSW,Golden State Warriors,21700831,2018-02-10,GSW vs. SAS,W,240,122,48,85,0.565,12,27,0.444,14,15,0.933,11,33,44,35,5,6,16,18,17.0,SAS,22017,1610612759,SAS,San Antonio Spurs,21700831,SAS @ GSW,L,239,105,43,94,0.457,5,27,0.185,14,19,0.737,11,23,34,30,8,5,10,13,-17.0,GSW
22017,1610612755,PHI,Philadelphia 76ers,21700818,2018-02-09,PHI vs. NOP,W,239,100,39,93,0.419,14,34,0.412,8,9,0.889,8,50,58,26,10,4,15,16,18.0,NOP,22017,1610612740,NOP,New Orleans Pelicans,21700818,NOP @ PHI,L,238,82,33,95,0.347,8,31,0.258,8,16,0.5,8,38,46,17,8,6,12,12,-18.0,PHI
22017,1610612748,MIA,Miami Heat,21700821,2018-02-09,MIA vs. MIL,W,239,91,32,88,0.364,10,26,0.385,17,18,0.944,13,38,51,16,7,7,16,21,6.0,MIL,22017,1610612749,MIL,Milwaukee Bucks,21700821,MIL @ MIA,L,241,85,32,76,0.421,6,20,0.3,15,17,0.882,2,35,37,18,9,9,17,20,-6.0,MIA
22017,1610612738,BOS,Boston Celtics,21700820,2018-02-09,BOS vs. IND,L,239,91,34,89,0.382,7,27,0.259,16,20,0.8,12,26,38,16,5,8,10,21,-6.0,IND,22017,1610612754,IND,Indiana Pacers,21700820,IND @ BOS,W,240,97,37,83,0.446,5,20,0.25,18,22,0.818,13,40,53,18,6,5,13,20,6.0,BOS
22017,1610612764,WAS,Washington Wizards,21700813,2018-02-08,WAS vs. BOS,L,265,104,38,95,0.4,12,26,0.462,16,20,0.8,17,35,52,28,11,4,20,23,-6.0,BOS,22017,1610612738,BOS,Boston Celtics,21700813,BOS @ WAS,W,265,110,39,84,0.464,9,26,0.346,23,34,0.676,7,38,45,16,9,6,18,20,6.0,WAS
22017,1610612739,CLE,Cleveland Cavaliers,21700807,2018-02-07,CLE vs. MIN,W,264,140,52,88,0.591,21,41,0.512,15,23,0.652,7,34,41,33,5,1,15,21,2.0,MIN,22017,1610612750,MIN,Minnesota Timberwolves,21700807,MIN @ CLE,L,264,138,54,93,0.581,19,33,0.576,11,12,0.917,4,31,35,33,7,4,11,19,-2.0,CLE
22017,1610612748,MIA,Miami Heat,21700806,2018-02-07,MIA vs. HOU,L,239,101,39,88,0.443,13,32,0.406,10,12,0.833,15,26,41,23,3,3,13,17,-8.0,HOU,22017,1610612745,HOU,Houston Rockets,21700806,HOU @ MIA,W,240,109,38,74,0.514,12,31,0.387,21,26,0.808,4,31,35,16,8,6,9,16,8.0,MIA
22017,1610612755,PHI,Philadelphia 76ers,21700802,2018-02-06,PHI vs. WAS,W,240,115,45,82,0.549,14,28,0.5,11,14,0.786,12,33,45,27,9,4,17,14,13.0,WAS,22017,1610612764,WAS,Washington Wizards,21700802,WAS @ PHI,L,240,102,41,93,0.441,7,27,0.259,13,18,0.722,16,23,39,23,14,2,11,18,-13.0,PHI
22017,1610612761,TOR,Toronto Raptors,21700798,2018-02-06,TOR vs. BOS,W,240,111,40,80,0.5,17,36,0.472,14,17,0.824,5,35,40,29,10,4,15,18,20.0,BOS,22017,1610612738,BOS,Boston Celtics,21700798,BOS @ TOR,L,240,91,33,83,0.398,10,23,0.435,15,20,0.75,9,29,38,21,3,3,17,19,-20.0,TOR
22017,1610612744,GSW,Golden State Warriors,21700803,2018-02-06,GSW vs. OKC,L,238,105,37,76,0.487,8,28,0.286,23,31,0.742,10,35,45,27,7,8,25,24,-20.0,OKC,22017,1610612760,OKC,Oklahoma City Thunder,21700803,OKC @ GSW,W,240,125,44,93,0.473,12,31,0.387,25,33,0.758,10,30,40,17,14,3,12,28,20.0,GSW
22017,1610612754,IND,Indiana Pacers,21700791,2018-02-05,IND vs. WAS,L,241,102,37,80,0.463,12,29,0.414,16,25,0.64,8,27,35,19,6,2,16,18,-9.0,WAS,22017,1610612764,WAS,Washington Wizards,21700791,WAS @ IND,W,239,111,45,82,0.549,7,25,0.28,14,17,0.824,7,36,43,29,8,1,14,23,9.0,IND
22017,1610612740,NOP,New Orleans Pelicans,21700793,2018-02-05,NOP vs. UTA,L,242,109,47,93,0.505,8,22,0.364,7,13,0.538,6,24,30,24,10,6,14,15,-24.0,UTA,22017,1610612762,UTA,Utah Jazz,21700793,UTA @ NOP,W,240,133,52,89,0.584,14,21,0.667,15,17,0.882,9,36,45,29,6,5,13,18,24.0,NOP
22017,1610612738,BOS,Boston Celtics,21700784,2018-02-04,BOS vs. POR,W,239,97,35,85,0.412,15,36,0.417,12,17,0.706,9,42,51,24,3,6,11,16,1.2,POR,22017,1610612757,POR,Portland Trail Blazers,21700784,POR @ BOS,L,240,96,36,91,0.396,13,31,0.419,11,14,0.786,10,36,46,21,4,9,8,17,-1.0,BOS
22017,1610612759,SAS,San Antonio Spurs,21700781,2018-02-03,SAS vs. UTA,L,241,111,44,91,0.484,10,26,0.385,13,18,0.722,11,25,36,25,9,5,12,27,-9.0,UTA,22017,1610612762,UTA,Utah Jazz,21700781,UTA @ SAS,W,240,120,39,69,0.565,12,23,0.522,30,36,0.833,5,32,37,26,6,5,17,19,9.0,SAS
22017,1610612739,CLE,Cleveland Cavaliers,21700779,2018-02-03,CLE vs. HOU,L,239,88,34,87,0.391,8,30,0.267,12,16,0.75,5,42,47,22,4,3,11,16,-32.0,HOU,22017,1610612745,HOU,Houston Rockets,21700779,HOU @ CLE,W,238,120,44,93,0.473,19,51,0.373,13,16,0.813,6,47,53,28,6,5,8,19,32.0,CLE
22017,1610612750,MIN,Minnesota Timberwolves,21700780,2018-02-03,MIN vs. NOP,W,241,118,48,95,0.505,10,21,0.476,12,16,0.75,12,38,50,21,9,3,12,13,11.0,NOP,22017,1610612740,NOP,New Orleans Pelicans,21700780,NOP @ MIN,L,239,107,42,101,0.416,8,33,0.242,15,17,0.882,18,33,51,23,9,8,13,11,-11.0,MIN
22017,1610612754,IND,Indiana Pacers,21700777,2018-02-03,IND vs. PHI,W,241,100,35,79,0.443,9,27,0.333,21,25,0.84,6,36,42,25,15,8,13,19,8.0,PHI,22017,1610612755,PHI,Philadelphia 76ers,21700777,PHI @ IND,L,241,92,33,87,0.379,10,32,0.313,16,24,0.667,15,34,49,21,8,2,18,21,-8.0,IND
22017,1610612761,TOR,Toronto Raptors,21700769,2018-02-02,TOR vs. POR,W,239,130,46,99,0.465,19,40,0.475,19,21,0.905,17,25,42,21,5,4,6,23,25.0,POR,22017,1610612757,POR,Portland Trail Blazers,21700769,POR @ TOR,L,239,105,37,73,0.507,7,21,0.333,24,33,0.727,4,32,36,20,4,2,10,15,-25.0,TOR
22017,1610612760,OKC,Oklahoma City Thunder,21700772,2018-02-02,OKC vs. NOP,L,241,100,37,97,0.381,9,36,0.25,17,20,0.85,15,37,52,24,6,5,16,18,-14.0,NOP,22017,1610612740,NOP,New Orleans Pelicans,21700772,NOP @ OKC,W,240,114,46,90,0.511,13,24,0.542,9,13,0.692,5,36,41,30,10,2,16,20,14.0,OKC
22017,1610612755,PHI,Philadelphia 76ers,21700770,2018-02-02,PHI vs. MIA,W,240,103,42,85,0.494,8,24,0.333,11,15,0.733,9,30,39,28,9,4,10,23,6.0,MIA,22017,1610612748,MIA,Miami Heat,21700770,MIA @ PHI,L,240,97,34,87,0.391,12,37,0.324,17,26,0.654,16,33,49,20,3,5,11,16,-6.0,PHI
22017,1610612764,WAS,Washington Wizards,21700762,2018-02-01,WAS vs. TOR,W,240,122,44,85,0.518,10,30,0.333,24,26,0.923,12,32,44,30,10,2,16,21,3.0,TOR,22017,1610612761,TOR,Toronto Raptors,21700762,TOR @ WAS,L,240,119,44,83,0.53,12,29,0.414,19,24,0.792,8,24,32,20,7,3,18,26,-3.0,WAS
22017,1610612759,SAS,San Antonio Spurs,21700764,2018-02-01,SAS vs. HOU,L,240,91,35,83,0.422,6,24,0.25,15,17,0.882,9,37,46,21,7,5,16,12,-11.0,HOU,22017,1610612745,HOU,Houston Rockets,21700764,HOU @ SAS,W,240,102,37,83,0.446,14,42,0.333,14,17,0.824,7,31,38,20,10,7,9,16,11.0,SAS
22017,1610612750,MIN,Minnesota Timberwolves,21700763,2018-02-01,MIN vs. MIL,W,240,108,42,78,0.538,7,19,0.368,17,20,0.85,4,35,39,27,8,7,13,15,19.0,MIL,22017,1610612749,MIL,Milwaukee Bucks,21700763,MIL @ MIN,L,242,89,32,85,0.376,6,29,0.207,19,25,0.76,15,28,43,19,6,1,15,21,-19.0,MIN
22017,1610612739,CLE,Cleveland Cavaliers,21700757,2018-01-31,CLE vs. MIA,W,240,91,28,80,0.35,6,26,0.231,29,38,0.763,7,38,45,18,9,5,16,20,2.0,MIA,22017,1610612748,MIA,Miami Heat,21700757,MIA @ CLE,L,239,89,36,83,0.434,3,28,0.107,14,25,0.56,6,46,52,17,8,5,19,25,-2.0,CLE
22017,1610612764,WAS,Washington Wizards,21700744,2018-01-30,WAS vs. OKC,W,239,102,34,89,0.382,7,25,0.28,27,29,0.931,7,36,43,27,8,7,12,28,6.0,OKC,22017,1610612760,OKC,Oklahoma City Thunder,21700744,OKC @ WAS,L,241,96,30,80,0.375,9,32,0.281,27,34,0.794,14,38,52,19,7,8,20,24,-6.0,WAS
22017,1610612761,TOR,Toronto Raptors,21700746,2018-01-30,TOR vs. MIN,W,241,109,39,81,0.481,9,29,0.31,22,26,0.846,9,30,39,28,3,4,8,18,5.0,MIN,22017,1610612750,MIN,Minnesota Timberwolves,21700746,MIN @ TOR,L,239,104,42,85,0.494,5,12,0.417,15,24,0.625,10,30,40,21,4,2,8,19,-5.0,TOR
22017,1610612762,UTA,Utah Jazz,21700751,2018-01-30,UTA vs. GSW,W,241,129,53,91,0.582,14,28,0.5,9,14,0.643,7,35,42,25,16,3,11,22,30.0,GSW,22017,1610612744,GSW,Golden State Warriors,21700751,GSW @ UTA,L,242,99,39,85,0.459,5,25,0.2,16,21,0.762,11,26,37,27,10,7,19,16,-30.0,UTA
22017,1610612749,MIL,Milwaukee Bucks,21700741,2018-01-29,MIL vs. PHI,W,240,107,38,80,0.475,11,28,0.393,20,22,0.909,8,34,42,26,6,8,9,19,12.0,PHI,22017,1610612755,PHI,Philadelphia 76ers,21700741,PHI @ MIL,L,239,95,36,82,0.439,2,26,0.077,21,23,0.913,10,33,43,22,5,4,14,17,-12.0,MIL
22017,1610612760,OKC,Oklahoma City Thunder,21700736,2018-01-28,OKC vs. PHI,W,242,122,45,92,0.489,10,33,0.303,22,30,0.733,17,24,41,21,7,3,10,25,10.0,PHI,22017,1610612755,PHI,Philadelphia 76ers,21700736,PHI @ OKC,L,240,112,38,76,0.5,11,29,0.379,25,31,0.806,12,28,40,19,7,5,14,26,-10.0,OKC
22017,1610612744,GSW,Golden State Warriors,21700728,2018-01-27,GSW vs. BOS,W,240,109,38,84,0.452,10,27,0.37,23,26,0.885,10,33,43,19,9,9,11,17,4.0,BOS,22017,1610612738,BOS,Boston Celtics,21700728,BOS @ GSW,L,240,105,37,85,0.435,14,28,0.5,17,24,0.708,11,34,45,17,6,2,14,23,-4.0,GSW
22017,1610612759,SAS,San Antonio Spurs,21700722,2018-01-26,SAS vs. PHI,L,240,78,30,75,0.4,3,24,0.125,15,18,0.833,5,31,36,20,6,5,9,14,-19.0,PHI,22017,1610612755,PHI,Philadelphia 76ers,21700722,PHI @ SAS,W,240,97,38,79,0.481,9,21,0.429,12,18,0.667,12,38,50,23,5,4,9,20,19.0,SAS
22017,1610612739,CLE,Cleveland Cavaliers,21700715,2018-01-26,CLE vs. IND,W,240,115,46,82,0.561,13,37,0.351,10,13,0.769,8,36,44,27,13,4,20,11,7.0,IND,22017,1610612754,IND,Indiana Pacers,21700715,IND @ CLE,L,239,108,43,91,0.473,13,31,0.419,9,11,0.818,8,29,37,27,13,1,16,15,-7.0,CLE
22017,1610612761,TOR,Toronto Raptors,21700716,2018-01-26,TOR vs. UTA,L,239,93,37,95,0.389,7,27,0.259,12,17,0.706,16,36,52,23,10,13,11,18,-4.0,UTA,22017,1610612762,UTA,Utah Jazz,21700716,UTA @ TOR,W,240,97,36,87,0.414,10,21,0.476,15,21,0.714,10,37,47,20,7,5,13,16,4.0,TOR
22017,1610612740,NOP,New Orleans Pelicans,21700720,2018-01-26,NOP vs. HOU,W,239,115,44,82,0.537,11,27,0.407,16,21,0.762,6,36,42,36,8,5,15,26,2.0,HOU,22017,1610612745,HOU,Houston Rockets,21700720,HOU @ NOP,L,240,113,36,78,0.462,12,36,0.333,29,35,0.829,2,33,35,22,10,2,12,23,-2.0,NOP
22017,1610612760,OKC,Oklahoma City Thunder,21700711,2018-01-25,OKC vs. WAS,W,240,121,45,87,0.517,9,27,0.333,22,29,0.759,13,27,40,18,16,6,14,15,9.0,WAS,22017,1610612764,WAS,Washington Wizards,21700711,WAS @ OKC,L,242,112,42,86,0.488,16,35,0.457,12,16,0.75,12,27,39,25,10,2,23,25,-9.0,OKC
22017,1610612744,GSW,Golden State Warriors,21700713,2018-01-25,GSW vs. MIN,W,240,126,48,89,0.539,21,37,0.568,9,15,0.6,11,36,47,37,9,8,15,17,13.0,MIN,22017,1610612750,MIN,Minnesota Timberwolves,21700713,MIN @ GSW,L,240,113,46,101,0.455,6,20,0.3,15,18,0.833,13,30,43,25,9,3,10,15,-13.0,GSW
22017,1610612757,POR,Portland Trail Blazers,21700708,2018-01-24,POR vs. MIN,W,241,123,45,82,0.549,17,31,0.548,16,21,0.762,6,31,37,24,4,1,10,16,9.0,MIN,22017,1610612750,MIN,Minnesota Timberwolves,21700708,MIN @ POR,L,242,114,45,84,0.536,6,16,0.375,18,22,0.818,5,28,33,20,7,2,6,14,-9.0,POR
22017,1610612759,SAS,San Antonio Spurs,21700698,2018-01-23,SAS vs. CLE,W,242,114,47,94,0.5,8,28,0.286,12,16,0.75,13,32,45,23,11,4,9,19,13.6,CLE,22017,1610612739,CLE,Cleveland Cavaliers,21700698,CLE @ SAS,L,241,102,35,72,0.486,6,21,0.286,26,31,0.839,6,35,41,19,6,3,18,14,-11.6,SAS
22017,1610612745,HOU,Houston Rockets,21700689,2018-01-22,HOU vs. MIA,W,240,99,36,81,0.444,15,37,0.405,12,18,0.667,8,30,38,20,10,3,14,15,9.0,MIA,22017,1610612748,MIA,Miami Heat,21700689,MIA @ HOU,L,241,90,39,82,0.476,7,30,0.233,5,9,0.556,9,33,42,18,7,4,16,18,-9.0,HOU
22017,1610612759,SAS,San Antonio Spurs,21700686,2018-01-21,SAS vs. IND,L,240,86,35,82,0.427,9,34,0.265,7,12,0.583,10,36,46,24,8,10,20,14,-8.0,IND,22017,1610612754,IND,Indiana Pacers,21700686,IND @ SAS,W,240,94,37,84,0.44,4,19,0.211,16,17,0.941,7,34,41,14,14,1,10,15,8.0,SAS
22017,1610612745,HOU,Houston Rockets,21700679,2018-01-20,HOU vs. GSW,W,241,116,41,87,0.471,14,37,0.378,20,29,0.69,12,34,46,19,14,3,15,18,8.0,GSW,22017,1610612744,GSW,Golden State Warriors,21700679,GSW @ HOU,L,241,108,40,82,0.488,17,36,0.472,11,15,0.733,4,29,33,31,8,10,19,24,-8.0,HOU
22017,1610612739,CLE,Cleveland Cavaliers,21700674,2018-01-20,CLE vs. OKC,L,240,124,46,89,0.517,10,37,0.27,22,27,0.815,3,25,28,32,7,4,15,18,-24.0,OKC,22017,1610612760,OKC,Oklahoma City Thunder,21700674,OKC @ CLE,W,240,148,58,100,0.58,14,30,0.467,18,28,0.643,16,36,52,37,9,2,13,23,24.0,CLE
22017,1610612755,PHI,Philadelphia 76ers,21700678,2018-01-20,PHI vs. MIL,W,240,116,45,85,0.529,10,25,0.4,16,19,0.842,11,34,45,32,9,4,16,18,22.0,MIL,22017,1610612749,MIL,Milwaukee Bucks,21700678,MIL @ PHI,L,240,94,33,82,0.402,10,32,0.313,18,22,0.818,8,27,35,20,10,3,17,20,-22.0,PHI
22017,1610612750,MIN,Minnesota Timberwolves,21700680,2018-01-20,MIN vs. TOR,W,239,115,38,81,0.469,7,16,0.438,32,42,0.762,15,29,44,21,4,3,11,20,6.0,TOR,22017,1610612761,TOR,Toronto Raptors,21700680,TOR @ MIN,L,239,109,39,83,0.47,12,33,0.364,19,21,0.905,8,27,35,23,7,7,13,30,-6.0,MIN
22017,1610612761,TOR,Toronto Raptors,21700667,2018-01-19,TOR vs. SAS,W,240,86,34,85,0.4,9,26,0.346,9,14,0.643,9,41,50,16,8,1,13,19,3.0,SAS,22017,1610612759,SAS,San Antonio Spurs,21700667,SAS @ TOR,L,239,83,31,91,0.341,5,20,0.25,16,20,0.8,17,39,56,18,9,7,12,13,-3.0,TOR
22017,1610612757,POR,Portland Trail Blazers,21700666,2018-01-18,POR vs. IND,W,240,100,37,94,0.394,10,32,0.313,16,16,1.0,14,43,57,17,6,7,11,11,14.0,IND,22017,1610612754,IND,Indiana Pacers,21700666,IND @ POR,L,241,86,36,91,0.396,7,26,0.269,7,13,0.538,10,36,46,17,4,4,8,16,-14.0,POR
22017,1610612738,BOS,Boston Celtics,21700663,2018-01-18,BOS vs. PHI,L,239,80,30,74,0.405,7,29,0.241,13,17,0.765,3,28,31,13,7,5,19,20,-9.0,PHI,22017,1610612755,PHI,Philadelphia 76ers,21700663,PHI @ BOS,W,241,89,34,73,0.466,6,17,0.353,15,17,0.882,8,33,41,18,10,5,22,20,9.0,BOS
22017,1610612745,HOU,Houston Rockets,21700665,2018-01-18,HOU vs. MIN,W,240,116,42,88,0.477,17,39,0.436,15,17,0.882,11,34,45,24,11,5,9,15,18.0,MIN,22017,1610612750,MIN,Minnesota Timberwolves,21700665,MIN @ HOU,L,240,98,38,81,0.469,8,24,0.333,14,21,0.667,8,32,40,24,8,8,11,16,-18.0,HOU
22017,1610612749,MIL,Milwaukee Bucks,21700659,2018-01-17,MIL vs. MIA,L,239,101,33,76,0.434,11,28,0.393,24,32,0.75,5,33,38,23,6,4,9,25,-5.0,MIA,22017,1610612748,MIA,Miami Heat,21700659,MIA @ MIL,W,241,106,38,82,0.463,10,24,0.417,20,27,0.741,10,36,46,28,4,7,15,28,5.0,MIL
22017,1610612738,BOS,Boston Celtics,21700650,2018-01-16,BOS vs. NOP,L,266,113,40,101,0.396,19,50,0.38,14,16,0.875,12,41,53,27,7,3,18,24,-3.0,NOP,22017,1610612740,NOP,New Orleans Pelicans,21700650,NOP @ BOS,W,266,116,45,100,0.45,7,27,0.259,19,25,0.76,13,42,55,28,11,6,15,14,3.0,BOS
22017,1610612755,PHI,Philadelphia 76ers,21700639,2018-01-15,PHI vs. TOR,W,241,117,40,81,0.494,6,25,0.24,31,38,0.816,10,38,48,22,8,9,21,28,6.0,TOR,22017,1610612761,TOR,Toronto Raptors,21700639,TOR @ PHI,L,240,111,38,95,0.4,9,32,0.281,26,30,0.867,12,32,44,20,8,1,15,31,-6.0,PHI
22017,1610612762,UTA,Utah Jazz,21700647,2018-01-15,UTA vs. IND,L,240,94,36,81,0.444,9,33,0.273,13,17,0.765,9,29,38,11,11,7,13,12,-15.0,IND,22017,1610612754,IND,Indiana Pacers,21700647,IND @ UTA,W,241,109,41,77,0.532,14,26,0.538,13,15,0.867,8,35,43,26,7,2,14,18,15.0,UTA
22017,1610612739,CLE,Cleveland Cavaliers,21700646,2018-01-15,CLE vs. GSW,L,239,108,43,94,0.457,7,28,0.25,15,22,0.682,12,31,43,26,9,5,15,22,-10.0,GSW,22017,1610612744,GSW,Golden State Warriors,21700646,GSW @ CLE,W,240,118,41,85,0.482,12,32,0.375,24,30,0.8,13,35,48,33,8,6,16,23,10.0,CLE
22017,1610612764,WAS,Washington Wizards,21700640,2018-01-15,WAS vs. MIL,L,240,95,32,76,0.421,6,21,0.286,25,31,0.806,11,28,39,19,10,8,23,22,-9.0,MIL,22017,1610612749,MIL,Milwaukee Bucks,21700640,MIL @ WAS,W,240,104,38,81,0.469,8,16,0.5,20,29,0.69,15,29,44,21,14,6,17,25,9.0,WAS
22017,1610612750,MIN,Minnesota Timberwolves,21700637,2018-01-14,MIN vs. POR,W,241,120,43,80,0.538,7,19,0.368,27,33,0.818,7,31,38,21,12,3,11,17,17.0,POR,22017,1610612757,POR,Portland Trail Blazers,21700637,POR @ MIN,L,241,103,39,79,0.494,11,25,0.44,14,17,0.824,8,30,38,19,6,3,17,27,-17.0,MIN
22017,1610612748,MIA,Miami Heat,21700634,2018-01-14,MIA vs. MIL,W,240,97,35,76,0.461,11,29,0.379,16,20,0.8,3,46,49,23,8,8,13,18,18.0,MIL,22017,1610612749,MIL,Milwaukee Bucks,21700634,MIL @ MIA,L,239,79,25,79,0.316,4,28,0.143,25,27,0.926,8,32,40,9,8,1,15,23,-18.0,MIA
22017,1610612761,TOR,Toronto Raptors,21700631,2018-01-13,TOR vs. GSW,L,241,125,45,93,0.484,8,25,0.32,27,32,0.844,14,30,44,22,3,2,10,23,-2.0,GSW,22017,1610612744,GSW,Golden State Warriors,21700631,GSW @ TOR,W,239,127,47,81,0.58,9,24,0.375,24,28,0.857,3,27,30,28,4,3,6,20,2.0,TOR
22017,1610612754,IND,Indiana Pacers,21700619,2018-01-12,IND vs. CLE,W,239,97,39,85,0.459,10,21,0.476,9,12,0.75,6,38,44,16,5,4,14,18,2.0,CLE,22017,1610612739,CLE,Cleveland Cavaliers,21700619,CLE @ IND,L,240,95,37,85,0.435,7,34,0.206,14,19,0.737,9,37,46,19,12,5,11,15,-2.0,IND
22017,1610612740,NOP,New Orleans Pelicans,21700624,2018-01-12,NOP vs. POR,W,241,119,45,82,0.549,7,19,0.368,22,23,0.957,9,34,43,26,7,6,18,16,6.0,POR,22017,1610612757,POR,Portland Trail Blazers,21700624,POR @ NOP,L,242,113,45,101,0.446,12,42,0.286,11,14,0.786,14,25,39,24,13,6,11,22,-6.0,NOP
22017,1610612749,MIL,Milwaukee Bucks,21700622,2018-01-12,MIL vs. GSW,L,241,94,36,85,0.424,11,28,0.393,11,12,0.917,8,25,33,21,9,6,12,20,-14.0,GSW,22017,1610612744,GSW,Golden State Warriors,21700622,GSW @ MIL,W,240,108,44,79,0.557,5,15,0.333,15,18,0.833,10,33,43,28,7,3,11,13,14.0,MIL
22017,1610612755,PHI,Philadelphia 76ers,21700614,2018-01-11,PHI vs. BOS,L,240,103,38,82,0.463,11,28,0.393,16,18,0.889,3,34,37,20,12,4,19,19,-11.0,BOS,22017,1610612738,BOS,Boston Celtics,21700614,BOS @ PHI,W,240,114,43,89,0.483,13,35,0.371,15,19,0.789,11,35,46,24,11,2,18,18,11.0,PHI
22017,1610612761,TOR,Toronto Raptors,21700615,2018-01-11,TOR vs. CLE,W,242,133,53,106,0.5,18,42,0.429,9,13,0.692,18,45,63,31,3,7,9,25,34.0,CLE,22017,1610612739,CLE,Cleveland Cavaliers,21700615,CLE @ TOR,L,241,99,34,89,0.382,6,26,0.231,25,30,0.833,9,26,35,18,3,4,9,16,-34.0,TOR
22017,1610612745,HOU,Houston Rockets,21700608,2018-01-10,HOU vs. POR,W,240,121,45,100,0.45,12,38,0.316,19,25,0.76,17,32,49,25,7,5,13,30,9.0,POR,22017,1610612757,POR,Portland Trail Blazers,21700608,POR @ HOU,L,241,112,40,83,0.482,9,26,0.346,23,32,0.719,6,34,40,21,5,6,12,26,-9.0,HOU
22017,1610612750,MIN,Minnesota Timberwolves,21700611,2018-01-10,MIN vs. OKC,W,241,104,39,80,0.488,7,20,0.35,19,27,0.704,11,34,45,22,11,5,14,22,16.0,OKC,22017,1610612760,OKC,Oklahoma City Thunder,21700611,OKC @ MIN,L,238,88,32,80,0.4,6,25,0.24,18,24,0.75,10,31,41,13,9,2,18,22,-16.0,MIN
22017,1610612754,IND,Indiana Pacers,21700604,2018-01-10,IND vs. MIA,L,239,106,43,87,0.494,1,18,0.056,19,29,0.655,12,33,45,13,7,3,14,23,-8.0,MIA,22017,1610612748,MIA,Miami Heat,21700604,MIA @ IND,W,240,114,43,81,0.531,13,30,0.433,15,21,0.714,6,31,37,25,6,6,15,25,8.0,IND
22017,1610612764,WAS,Washington Wizards,21700605,2018-01-10,WAS vs. UTA,L,241,104,41,78,0.526,10,25,0.4,12,17,0.706,9,36,45,25,8,1,23,17,-3.0,UTA,22017,1610612762,UTA,Utah Jazz,21700605,UTA @ WAS,W,240,107,43,92,0.467,11,33,0.333,10,13,0.769,11,28,39,23,15,3,12,17,3.0,WAS
22017,1610612760,OKC,Oklahoma City Thunder,21700600,2018-01-09,OKC vs. POR,L,240,106,37,84,0.44,13,31,0.419,19,26,0.731,11,27,38,20,6,4,14,17,-11.0,POR,22017,1610612757,POR,Portland Trail Blazers,21700600,POR @ OKC,W,240,117,43,81,0.531,10,23,0.435,21,26,0.808,8,34,42,19,10,2,15,20,11.0,OKC
22017,1610612761,TOR,Toronto Raptors,21700599,2018-01-09,TOR vs. MIA,L,240,89,35,90,0.389,7,21,0.333,12,15,0.8,7,30,37,15,7,12,5,16,-1.0,MIA,22017,1610612748,MIA,Miami Heat,21700599,MIA @ TOR,W,239,90,39,97,0.402,4,22,0.182,8,10,0.8,20,44,64,18,2,14,13,19,1.0,TOR
22017,1610612754,IND,Indiana Pacers,21700591,2018-01-08,IND vs. MIL,W,241,109,44,79,0.557,7,22,0.318,14,20,0.7,8,32,40,30,9,5,16,23,13.0,MIL,22017,1610612749,MIL,Milwaukee Bucks,21700591,MIL @ IND,L,240,96,34,74,0.459,7,27,0.259,21,27,0.778,5,29,34,18,11,4,17,24,-13.0,IND
22017,1610612750,MIN,Minnesota Timberwolves,21700594,2018-01-08,MIN vs. CLE,W,239,127,52,100,0.52,10,31,0.323,13,17,0.765,15,41,56,30,6,2,5,17,28.0,CLE,22017,1610612739,CLE,Cleveland Cavaliers,21700594,CLE @ MIN,L,241,99,37,84,0.44,13,38,0.342,12,16,0.75,8,29,37,26,0,4,13,15,-28.0,MIN
22017,1610612748,MIA,Miami Heat,21700586,2018-01-07,MIA vs. UTA,W,240,103,40,83,0.482,9,29,0.31,14,20,0.7,8,29,37,21,6,6,8,16,1.0,UTA,22017,1610612762,UTA,Utah Jazz,21700586,UTA @ MIA,L,240,102,37,82,0.451,10,32,0.313,18,20,0.9,8,36,44,15,6,5,11,18,-1.0,MIA
22017,1610612757,POR,Portland Trail Blazers,21700589,2018-01-07,POR vs. SAS,W,240,111,48,92,0.522,8,23,0.348,7,10,0.7,9,29,38,19,7,5,9,24,1.0,SAS,22017,1610612759,SAS,San Antonio Spurs,21700589,SAS @ POR,L,241,110,40,81,0.494,11,23,0.478,19,26,0.731,10,32,42,26,4,5,14,16,-1.0,POR
22017,1610612750,MIN,Minnesota Timberwolves,21700584,2018-01-06,MIN vs. NOP,W,241,116,44,90,0.489,9,18,0.5,19,21,0.905,13,34,47,26,10,5,9,20,18.0,NOP,22017,1610612740,NOP,New Orleans Pelicans,21700584,NOP @ MIN,L,242,98,33,78,0.423,6,29,0.207,26,28,0.929,7,31,38,20,5,6,15,19,-18.0,MIN
22017,1610612764,WAS,Washington Wizards,21700583,2018-01-06,WAS vs. MIL,L,240,103,37,78,0.474,8,21,0.381,21,29,0.724,4,30,34,25,6,6,14,22,-7.0,MIL,22017,1610612749,MIL,Milwaukee Bucks,21700583,MIL @ WAS,W,240,110,39,80,0.488,7,22,0.318,25,30,0.833,10,35,45,20,11,6,15,26,7.0,WAS
22017,1610612749,MIL,Milwaukee Bucks,21700571,2018-01-05,MIL vs. TOR,L,239,110,41,77,0.532,7,17,0.412,21,29,0.724,5,23,28,26,4,4,11,23,-19.0,TOR,22017,1610612761,TOR,Toronto Raptors,21700571,TOR @ MIL,W,241,129,48,86,0.558,10,33,0.303,23,28,0.821,12,31,43,25,9,5,11,22,19.0,MIL
22017,1610612738,BOS,Boston Celtics,21700570,2018-01-05,BOS vs. MIN,W,242,91,38,94,0.404,6,36,0.167,9,13,0.692,17,39,56,24,6,4,10,22,7.0,MIN,22017,1610612750,MIN,Minnesota Timberwolves,21700570,MIN @ BOS,L,240,84,28,76,0.368,7,23,0.304,21,28,0.75,9,34,43,15,6,5,12,15,-7.0,BOS
22017,1610612745,HOU,Houston Rockets,21700566,2018-01-04,HOU vs. GSW,L,240,114,42,89,0.472,17,50,0.34,13,22,0.591,6,32,38,20,7,3,10,17,-10.0,GSW,22017,1610612744,GSW,Golden State Warriors,21700566,GSW @ HOU,W,241,124,48,87,0.552,13,30,0.433,15,20,0.75,6,39,45,35,6,6,12,18,12.0,HOU
22017,1610612762,UTA,Utah Jazz,21700564,2018-01-03,UTA vs. NOP,L,240,98,38,84,0.452,7,32,0.219,15,17,0.882,6,30,36,23,12,1,14,21,-10.0,NOP,22017,1610612740,NOP,New Orleans Pelicans,21700564,NOP @ UTA,W,240,108,41,82,0.5,14,30,0.467,12,12,1.0,7,35,42,23,8,2,20,18,10.0,UTA
22017,1610612749,MIL,Milwaukee Bucks,21700561,2018-01-03,MIL vs. IND,W,241,122,44,75,0.587,9,17,0.529,25,28,0.893,6,28,34,33,8,5,16,23,21.0,IND,22017,1610612754,IND,Indiana Pacers,21700561,IND @ MIL,L,240,101,41,84,0.488,3,15,0.2,16,19,0.842,8,22,30,24,7,2,14,20,-21.0,MIL
22017,1610612755,PHI,Philadelphia 76ers,21700555,2018-01-03,PHI vs. SAS,W,240,112,36,80,0.45,7,22,0.318,33,43,0.767,13,32,45,23,10,5,13,21,6.0,SAS,22017,1610612759,SAS,San Antonio Spurs,21700555,SAS @ PHI,L,241,106,39,87,0.448,8,25,0.32,20,23,0.87,12,31,43,15,4,4,15,25,-6.0,PHI
22017,1610612738,BOS,Boston Celtics,21700559,2018-01-03,BOS vs. CLE,W,242,102,41,92,0.446,12,36,0.333,8,11,0.727,9,43,52,27,9,2,15,20,14.0,CLE,22017,1610612739,CLE,Cleveland Cavaliers,21700559,CLE @ BOS,L,242,88,31,89,0.348,8,32,0.25,18,18,1.0,9,39,48,16,6,7,14,17,-14.0,BOS
22017,1610612739,CLE,Cleveland Cavaliers,21700549,2018-01-02,CLE vs. POR,W,241,127,43,83,0.518,13,32,0.406,28,37,0.757,8,32,40,28,11,4,10,17,17.0,POR,22017,1610612757,POR,Portland Trail Blazers,21700549,POR @ CLE,L,241,110,42,90,0.467,13,32,0.406,13,19,0.684,13,30,43,25,5,5,15,29,-17.0,CLE
22017,1610612761,TOR,Toronto Raptors,21700546,2018-01-01,TOR vs. MIL,W,264,131,45,91,0.495,14,33,0.424,27,33,0.818,6,34,40,25,8,8,12,20,4.0,MIL,22017,1610612749,MIL,Milwaukee Bucks,21700546,MIL @ TOR,L,265,127,44,93,0.473,13,27,0.481,26,28,0.929,10,33,43,27,9,3,14,23,-4.0,TOR
22017,1610612754,IND,Indiana Pacers,21700538,2017-12-31,IND vs. MIN,L,240,90,33,85,0.388,10,25,0.4,14,18,0.778,13,30,43,20,3,5,16,18,-17.0,MIN,22017,1610612750,MIN,Minnesota Timberwolves,21700538,MIN @ IND,W,241,107,41,86,0.477,4,19,0.211,21,25,0.84,13,31,44,20,11,8,7,20,17.0,IND
22017,1610612762,UTA,Utah Jazz,21700534,2017-12-30,UTA vs. CLE,W,240,104,38,82,0.463,10,31,0.323,18,21,0.857,5,38,43,24,12,4,11,24,3.0,CLE,22017,1610612739,CLE,Cleveland Cavaliers,21700534,CLE @ UTA,L,239,101,34,81,0.42,12,40,0.3,21,26,0.808,9,37,46,20,6,5,15,19,-3.0,UTA
22017,1610612760,OKC,Oklahoma City Thunder,21700526,2017-12-29,OKC vs. MIL,L,240,95,38,83,0.458,7,25,0.28,12,20,0.6,10,35,45,16,5,5,12,19,-2.0,MIL,22017,1610612749,MIL,Milwaukee Bucks,21700526,MIL @ OKC,W,239,97,40,85,0.471,9,29,0.31,8,17,0.471,12,31,43,26,9,7,9,23,2.0,OKC
22017,1610612764,WAS,Washington Wizards,21700521,2017-12-29,WAS vs. HOU,W,241,121,47,88,0.534,18,36,0.5,9,12,0.75,10,35,45,23,12,5,16,15,18.0,HOU,22017,1610612745,HOU,Houston Rockets,21700521,HOU @ WAS,L,240,103,38,89,0.427,14,48,0.292,13,16,0.813,8,27,35,15,11,2,14,13,-18.0,WAS
22017,1610612738,BOS,Boston Celtics,21700517,2017-12-28,BOS vs. HOU,W,239,99,37,82,0.451,8,29,0.276,17,24,0.708,10,34,44,18,9,8,16,22,1.0,HOU,22017,1610612745,HOU,Houston Rockets,21700517,HOU @ BOS,L,240,98,30,80,0.375,14,43,0.326,24,31,0.774,7,36,43,16,9,3,16,23,-1.0,BOS
22017,1610612749,MIL,Milwaukee Bucks,21700518,2017-12-28,MIL vs. MIN,W,239,102,41,75,0.547,5,15,0.333,15,16,0.938,7,29,36,23,10,0,16,18,6.0,MIN,22017,1610612750,MIN,Minnesota Timberwolves,21700518,MIN @ MIL,L,241,96,34,71,0.479,9,28,0.321,19,26,0.731,6,27,33,20,9,3,16,14,-6.0,MIL
22017,1610612757,POR,Portland Trail Blazers,21700520,2017-12-28,POR vs. PHI,W,240,114,35,75,0.467,8,24,0.333,36,47,0.766,8,39,47,15,7,3,15,18,4.0,PHI,22017,1610612755,PHI,Philadelphia 76ers,21700520,PHI @ POR,L,240,110,42,87,0.483,16,32,0.5,10,14,0.714,5,32,37,28,8,2,13,26,-4.0,POR
22017,1610612760,OKC,Oklahoma City Thunder,21700512,2017-12-27,OKC vs. TOR,W,240,124,46,87,0.529,9,25,0.36,23,33,0.697,15,37,52,25,9,7,12,26,17.0,TOR,22017,1610612761,TOR,Toronto Raptors,21700512,TOR @ OKC,L,240,107,36,85,0.424,11,38,0.289,24,26,0.923,7,27,34,24,9,4,11,29,-17.0,OKC
22017,1610612744,GSW,Golden State Warriors,21700514,2017-12-27,GSW vs. UTA,W,239,126,51,86,0.593,11,23,0.478,13,17,0.765,4,46,50,37,8,7,16,18,25.0,UTA,22017,1610612762,UTA,Utah Jazz,21700514,UTA @ GSW,L,241,101,37,92,0.402,6,23,0.261,21,27,0.778,10,33,43,21,10,2,13,22,-25.0,GSW
22017,1610612760,OKC,Oklahoma City Thunder,21700496,2017-12-25,OKC vs. HOU,W,240,112,43,79,0.544,8,18,0.444,18,23,0.783,9,31,40,21,9,10,14,20,5.0,HOU,22017,1610612745,HOU,Houston Rockets,21700496,HOU @ OKC,L,240,107,35,81,0.432,12,37,0.324,25,31,0.806,12,26,38,23,11,4,13,20,-5.0,OKC
22017,1610612744,GSW,Golden State Warriors,21700494,2017-12-25,GSW vs. CLE,W,240,99,38,82,0.463,10,37,0.27,13,17,0.765,10,37,47,28,7,7,15,18,7.0,CLE,22017,1610612739,CLE,Cleveland Cavaliers,21700494,CLE @ GSW,L,241,92,28,88,0.318,15,36,0.417,21,25,0.84,19,31,50,12,8,0,14,19,-7.0,GSW
22017,1610612738,BOS,Boston Celtics,21700495,2017-12-25,BOS vs. WAS,L,241,103,39,81,0.481,14,29,0.483,11,17,0.647,8,37,45,20,2,4,16,23,-8.0,WAS,22017,1610612764,WAS,Washington Wizards,21700495,WAS @ BOS,W,241,111,43,93,0.462,6,26,0.231,19,28,0.679,14,33,47,26,6,4,8,17,8.0,BOS
22017,1610612761,TOR,Toronto Raptors,21700480,2017-12-23,TOR vs. PHI,W,242,102,35,85,0.412,9,27,0.333,23,26,0.885,7,36,43,18,15,6,17,20,16.0,PHI,22017,1610612755,PHI,Philadelphia 76ers,21700480,PHI @ TOR,L,242,86,33,80,0.413,7,27,0.259,13,20,0.65,7,34,41,19,10,7,22,23,-16.0,TOR
22017,1610612762,UTA,Utah Jazz,21700488,2017-12-23,UTA vs. OKC,L,241,89,33,72,0.458,6,26,0.231,17,20,0.85,6,31,37,16,3,2,12,13,-14.0,OKC,22017,1610612760,OKC,Oklahoma City Thunder,21700488,OKC @ UTA,W,239,103,39,88,0.443,12,29,0.414,13,16,0.813,15,30,45,18,9,5,7,16,14.0,UTA
22017,1610612748,MIA,Miami Heat,21700486,2017-12-23,MIA vs. NOP,L,240,94,36,85,0.424,10,32,0.313,12,15,0.8,13,25,38,18,4,3,13,19,-15.0,NOP,22017,1610612740,NOP,New Orleans Pelicans,21700486,NOP @ MIA,W,241,109,39,73,0.534,15,25,0.6,16,19,0.842,6,31,37,27,5,10,14,20,15.0,MIA
22017,1610612755,PHI,Philadelphia 76ers,21700467,2017-12-21,PHI vs. TOR,L,240,109,45,86,0.523,9,29,0.31,10,14,0.714,13,27,40,27,14,6,23,27,-5.0,TOR,22017,1610612761,TOR,Toronto Raptors,21700467,TOR @ PHI,W,239,114,35,85,0.412,12,35,0.343,32,35,0.914,19,26,45,18,14,6,21,19,5.0,PHI
22017,1610612762,UTA,Utah Jazz,21700470,2017-12-21,UTA vs. SAS,W,240,100,34,74,0.459,12,26,0.462,20,24,0.833,5,36,41,18,7,4,12,18,11.0,SAS,22017,1610612759,SAS,San Antonio Spurs,21700470,SAS @ UTA,L,240,89,34,78,0.436,10,21,0.476,11,16,0.688,5,33,38,14,7,3,14,21,-11.0,UTA
22017,1610612760,OKC,Oklahoma City Thunder,21700460,2017-12-20,OKC vs. UTA,W,240,107,40,77,0.519,8,23,0.348,19,22,0.864,8,34,42,23,15,5,13,26,28.0,UTA,22017,1610612762,UTA,Utah Jazz,21700460,UTA @ OKC,L,241,79,26,73,0.356,7,31,0.226,20,27,0.741,11,28,39,13,6,3,18,15,-28.0,OKC
22017,1610612757,POR,Portland Trail Blazers,21700463,2017-12-20,POR vs. SAS,L,238,91,38,96,0.396,6,25,0.24,9,14,0.643,12,25,37,18,13,2,8,14,-2.0,SAS,22017,1610612759,SAS,San Antonio Spurs,21700463,SAS @ POR,W,238,93,41,79,0.519,6,17,0.353,5,6,0.833,9,44,53,17,7,9,23,16,2.0,POR
22017,1610612738,BOS,Boston Celtics,21700456,2017-12-20,BOS vs. MIA,L,241,89,30,80,0.375,13,32,0.406,16,21,0.762,5,39,44,18,5,5,10,22,-1.0,MIA,22017,1610612748,MIA,Miami Heat,21700456,MIA @ BOS,W,241,90,33,75,0.44,10,28,0.357,14,25,0.56,6,40,46,23,6,3,12,16,1.0,BOS
22017,1610612749,MIL,Milwaukee Bucks,21700453,2017-12-19,MIL vs. CLE,W,241,119,43,82,0.524,11,29,0.379,22,27,0.815,8,32,40,27,12,3,14,18,3.0,CLE,22017,1610612739,CLE,Cleveland Cavaliers,21700453,CLE @ MIL,L,239,116,40,80,0.5,16,41,0.39,20,24,0.833,7,30,37,26,9,3,14,20,-3.0,MIL
22017,1610612764,WAS,Washington Wizards,21700452,2017-12-19,WAS vs. NOP,W,240,116,46,92,0.5,14,35,0.4,10,14,0.714,10,34,44,29,8,3,16,31,7.0,NOP,22017,1610612740,NOP,New Orleans Pelicans,21700452,NOP @ WAS,L,240,106,34,80,0.425,5,20,0.25,33,40,0.825,11,31,42,20,7,1,16,16,-7.0,WAS
22017,1610612745,HOU,Houston Rockets,21700445,2017-12-18,HOU vs. UTA,W,241,120,40,77,0.519,17,43,0.395,23,27,0.852,12,40,52,25,5,7,14,13,21.0,UTA,22017,1610612762,UTA,Utah Jazz,21700445,UTA @ HOU,L,240,99,42,91,0.462,8,27,0.296,7,8,0.875,5,27,32,17,12,1,6,22,-21.0,HOU
22017,1610612754,IND,Indiana Pacers,21700442,2017-12-18,IND vs. BOS,L,240,111,37,79,0.468,7,21,0.333,30,38,0.789,9,29,38,14,12,3,12,16,-1.0,BOS,22017,1610612738,BOS,Boston Celtics,21700442,BOS @ IND,W,240,112,44,79,0.557,16,26,0.615,8,14,0.571,6,32,38,26,6,4,19,31,1.0,IND
22017,1610612750,MIN,Minnesota Timberwolves,21700446,2017-12-18,MIN vs. POR,W,240,108,42,91,0.462,7,19,0.368,17,21,0.81,11,21,32,19,6,2,10,14,1.0,POR,22017,1610612757,POR,Portland Trail Blazers,21700446,POR @ MIN,L,240,107,46,84,0.548,10,24,0.417,5,5,1.0,7,33,40,26,6,8,17,19,-1.0,MIN
22017,1610612764,WAS,Washington Wizards,21700440,2017-12-17,WAS vs. CLE,L,241,99,39,91,0.429,12,33,0.364,9,16,0.563,13,38,51,20,4,5,10,18,-7.0,CLE,22017,1610612739,CLE,Cleveland Cavaliers,21700440,CLE @ WAS,W,239,106,41,87,0.471,14,34,0.412,10,12,0.833,4,38,42,24,6,4,8,16,7.0,WAS
22017,1610612739,CLE,Cleveland Cavaliers,21700430,2017-12-16,CLE vs. UTA,W,240,109,42,79,0.532,10,22,0.455,15,17,0.882,8,33,41,30,9,1,12,15,9.0,UTA,22017,1610612762,UTA,Utah Jazz,21700430,UTA @ CLE,L,240,100,37,81,0.457,17,34,0.5,9,14,0.643,11,27,38,24,9,7,12,14,-9.0,CLE
22017,1610612745,HOU,Houston Rockets,21700433,2017-12-16,HOU vs. MIL,W,240,115,35,76,0.461,11,35,0.314,34,42,0.81,4,34,38,16,7,4,15,23,4.0,MIL,22017,1610612749,MIL,Milwaukee Bucks,21700433,MIL @ HOU,L,240,111,38,82,0.463,8,27,0.296,27,33,0.818,8,32,40,17,12,7,14,34,-4.0,HOU
22017,1610612738,BOS,Boston Celtics,21700423,2017-12-15,BOS vs. UTA,L,240,95,35,86,0.407,9,31,0.29,16,19,0.842,2,29,31,20,10,5,8,18,-12.0,UTA,22017,1610612762,UTA,Utah Jazz,21700423,UTA @ BOS,W,240,107,40,83,0.482,13,25,0.52,14,18,0.778,9,46,55,19,6,2,15,20,12.0,BOS
22017,1610612755,PHI,Philadelphia 76ers,21700421,2017-12-15,PHI vs. OKC,L,317,117,44,100,0.44,13,46,0.283,16,20,0.8,7,43,50,35,13,4,19,20,-2.0,OKC,22017,1610612760,OKC,Oklahoma City Thunder,21700421,OKC @ PHI,W,316,119,47,113,0.416,15,35,0.429,10,19,0.526,18,42,60,28,10,5,18,21,2.0,PHI
22017,1610612745,HOU,Houston Rockets,21700428,2017-12-15,HOU vs. SAS,W,239,124,43,91,0.473,18,50,0.36,20,25,0.8,12,33,45,20,15,3,13,16,15.0,SAS,22017,1610612759,SAS,San Antonio Spurs,21700428,SAS @ HOU,L,242,109,46,94,0.489,10,26,0.385,7,13,0.538,12,27,39,22,10,5,17,17,-15.0,HOU
22017,1610612754,IND,Indiana Pacers,21700404,2017-12-13,IND vs. OKC,L,240,95,40,89,0.449,11,31,0.355,4,6,0.667,11,31,42,18,11,7,13,21,-5.0,OKC,22017,1610612760,OKC,Oklahoma City Thunder,21700404,OKC @ IND,W,240,100,36,88,0.409,13,29,0.448,15,24,0.625,17,35,52,26,10,6,13,12,5.0,IND
22017,1610612740,NOP,New Orleans Pelicans,21700410,2017-12-13,NOP vs. MIL,W,240,115,45,80,0.563,13,25,0.52,12,15,0.8,9,32,41,35,5,8,21,16,7.0,MIL,22017,1610612749,MIL,Milwaukee Bucks,21700410,MIL @ NOP,L,240,108,44,95,0.463,8,27,0.296,12,19,0.632,15,23,38,23,14,5,9,13,-7.0,NOP
22017,1610612748,MIA,Miami Heat,21700408,2017-12-13,MIA vs. POR,L,241,95,34,72,0.472,13,30,0.433,14,23,0.609,10,26,36,19,6,1,15,21,-7.0,POR,22017,1610612757,POR,Portland Trail Blazers,21700408,POR @ MIA,W,237,102,36,72,0.5,10,28,0.357,20,23,0.87,5,28,33,14,7,2,11,21,7.0,MIA
22017,1610612750,MIN,Minnesota Timberwolves,21700401,2017-12-12,MIN vs. PHI,L,265,112,44,108,0.407,5,29,0.172,19,27,0.704,17,33,50,19,14,7,10,21,-6.0,PHI,22017,1610612755,PHI,Philadelphia 76ers,21700401,PHI @ MIN,W,265,118,40,80,0.5,11,26,0.423,27,32,0.844,7,45,52,32,6,3,24,18,6.0,MIN
22017,1610612745,HOU,Houston Rockets,21700392,2017-12-11,HOU vs. NOP,W,241,130,48,88,0.545,17,45,0.378,17,25,0.68,4,32,36,30,12,7,9,15,7.0,NOP,22017,1610612740,NOP,New Orleans Pelicans,21700392,NOP @ HOU,L,239,123,49,85,0.576,18,33,0.545,7,13,0.538,6,35,41,32,6,2,18,19,-7.0,HOU
22017,1610612744,GSW,Golden State Warriors,21700395,2017-12-11,GSW vs. POR,W,241,111,44,80,0.55,10,20,0.5,13,17,0.765,6,36,42,26,5,9,14,16,7.0,POR,22017,1610612757,POR,Portland Trail Blazers,21700395,POR @ GSW,L,238,104,37,88,0.42,7,28,0.25,23,25,0.92,12,27,39,14,11,2,9,18,-7.0,GSW
22017,1610612740,NOP,New Orleans Pelicans,21700389,2017-12-10,NOP vs. PHI,W,238,131,46,80,0.575,15,24,0.625,24,32,0.75,5,28,33,31,11,9,14,21,7.0,PHI,22017,1610612755,PHI,Philadelphia 76ers,21700389,PHI @ NOP,L,240,124,44,96,0.458,9,29,0.31,27,30,0.9,22,25,47,26,5,4,17,29,-7.0,NOP
22017,1610612749,MIL,Milwaukee Bucks,21700381,2017-12-09,MIL vs. UTA,W,240,117,44,81,0.543,7,17,0.412,22,26,0.846,8,33,41,22,8,6,11,29,17.0,UTA,22017,1610612762,UTA,Utah Jazz,21700381,UTA @ MIL,L,240,100,33,76,0.434,8,23,0.348,26,37,0.703,9,26,35,20,7,3,16,23,-17.0,MIL
22017,1610612739,CLE,Cleveland Cavaliers,21700379,2017-12-09,CLE vs. PHI,W,240,105,36,75,0.48,14,29,0.483,19,25,0.76,6,27,33,26,12,2,17,16,7.0,PHI,22017,1610612755,PHI,Philadelphia 76ers,21700379,PHI @ CLE,L,240,98,37,78,0.474,11,33,0.333,13,13,1.0,7,32,39,31,10,2,19,21,-7.0,CLE
22017,1610612757,POR,Portland Trail Blazers,21700384,2017-12-09,POR vs. HOU,L,242,117,45,88,0.511,18,41,0.439,9,12,0.75,7,26,33,19,4,5,15,28,-7.0,HOU,22017,1610612745,HOU,Houston Rockets,21700384,HOU @ POR,W,240,124,40,75,0.533,10,25,0.4,34,42,0.81,7,28,35,14,13,2,12,17,7.0,POR
22017,1610612759,SAS,San Antonio Spurs,21700374,2017-12-08,SAS vs. BOS,W,239,105,38,81,0.469,8,27,0.296,21,24,0.875,14,32,46,16,6,3,13,14,3.0,BOS,22017,1610612738,BOS,Boston Celtics,21700374,BOS @ SAS,L,240,102,38,83,0.458,11,38,0.289,15,17,0.882,11,28,39,14,10,0,14,22,-3.0,SAS
22017,1610612754,IND,Indiana Pacers,21700369,2017-12-08,IND vs. CLE,W,239,106,38,86,0.442,15,39,0.385,15,24,0.625,12,37,49,21,7,3,8,19,4.0,CLE,22017,1610612739,CLE,Cleveland Cavaliers,21700369,CLE @ IND,L,240,102,37,85,0.435,11,36,0.306,17,22,0.773,9,35,44,23,4,4,11,23,-4.0,IND
22017,1610612762,UTA,Utah Jazz,21700366,2017-12-07,UTA vs. HOU,L,241,101,34,77,0.442,11,30,0.367,22,27,0.815,4,28,32,17,10,5,13,21,-11.0,HOU,22017,1610612745,HOU,Houston Rockets,21700366,HOU @ UTA,W,239,112,38,81,0.469,18,42,0.429,18,24,0.75,8,38,46,22,10,5,17,25,11.0,UTA
22017,1610612759,SAS,San Antonio Spurs,21700361,2017-12-06,SAS vs. MIA,W,240,117,46,87,0.529,13,25,0.52,12,14,0.857,10,24,34,30,6,7,11,13,12.0,MIA,22017,1610612748,MIA,Miami Heat,21700361,MIA @ SAS,L,241,105,39,72,0.542,18,34,0.529,9,12,0.75,6,23,29,28,7,4,18,16,-12.0,SAS
22017,1610612760,OKC,Oklahoma City Thunder,21700351,2017-12-05,OKC vs. UTA,W,240,100,39,81,0.481,4,18,0.222,18,26,0.692,12,34,46,18,11,6,18,18,6.0,UTA,22017,1610612762,UTA,Utah Jazz,21700351,UTA @ OKC,L,239,94,34,79,0.43,11,33,0.333,15,21,0.714,9,26,35,18,16,5,16,21,-6.0,OKC
22017,1610612757,POR,Portland Trail Blazers,21700352,2017-12-05,POR vs. WAS,L,241,92,32,78,0.41,12,27,0.444,16,21,0.762,7,34,41,18,2,5,18,20,-14.0,WAS,22017,1610612764,WAS,Washington Wizards,21700352,WAS @ POR,W,240,106,42,89,0.472,11,25,0.44,11,14,0.786,11,33,44,20,16,6,9,22,14.0,POR
22017,1610612740,NOP,New Orleans Pelicans,21700346,2017-12-04,NOP vs. GSW,L,239,115,45,91,0.495,16,39,0.41,9,15,0.6,11,36,47,33,11,4,21,26,-10.0,GSW,22017,1610612744,GSW,Golden State Warriors,21700346,GSW @ NOP,W,239,125,45,87,0.517,16,33,0.485,19,27,0.704,5,35,40,36,14,5,16,17,10.0,NOP
22017,1610612762,UTA,Utah Jazz,21700349,2017-12-04,UTA vs. WAS,W,241,116,43,76,0.566,16,34,0.471,14,18,0.778,10,42,52,29,9,3,16,20,47.0,WAS,22017,1610612764,WAS,Washington Wizards,21700349,WAS @ UTA,L,240,69,23,80,0.288,4,20,0.2,19,23,0.826,12,19,31,9,8,2,13,21,-47.0,UTA
22017,1610612738,BOS,Boston Celtics,21700343,2017-12-04,BOS vs. MIL,W,241,111,43,78,0.551,10,22,0.455,15,19,0.789,8,37,45,25,5,3,14,20,11.0,MIL,22017,1610612749,MIL,Milwaukee Bucks,21700343,MIL @ BOS,L,239,100,35,78,0.449,9,21,0.429,21,24,0.875,3,25,28,17,6,2,9,17,-11.0,BOS
22017,1610612760,OKC,Oklahoma City Thunder,21700337,2017-12-03,OKC vs. SAS,W,239,90,37,87,0.425,6,22,0.273,10,21,0.476,15,32,47,21,8,2,20,19,3.8,SAS,22017,1610612759,SAS,San Antonio Spurs,21700337,SAS @ OKC,L,239,87,31,76,0.408,8,28,0.286,17,23,0.739,8,31,39,14,11,9,17,24,-3.4,OKC
22017,1610612748,MIA,Miami Heat,21700335,2017-12-03,MIA vs. GSW,L,239,95,33,81,0.407,14,37,0.378,15,17,0.882,5,23,28,17,5,4,11,15,-28.0,GSW,22017,1610612744,GSW,Golden State Warriors,21700335,GSW @ MIA,W,240,123,47,84,0.56,11,30,0.367,18,24,0.75,7,34,41,32,4,4,9,14,28.0,MIA
22017,1610612757,POR,Portland Trail Blazers,21700333,2017-12-02,POR vs. NOP,L,239,116,47,105,0.448,11,35,0.314,11,11,1.0,9,35,44,20,6,3,4,17,-13.2,NOP,22017,1610612740,NOP,New Orleans Pelicans,21700333,NOP @ POR,W,241,123,45,86,0.523,15,31,0.484,18,25,0.72,4,44,48,22,2,3,10,16,13.0,POR
22017,1610612760,OKC,Oklahoma City Thunder,21700324,2017-12-01,OKC vs. MIN,W,240,111,41,79,0.519,8,26,0.308,21,22,0.955,13,29,42,28,7,7,18,24,4.0,MIN,22017,1610612750,MIN,Minnesota Timberwolves,21700324,MIN @ OKC,L,240,107,39,76,0.513,12,24,0.5,17,21,0.81,6,20,26,26,7,5,16,20,-4.0,OKC
22017,1610612762,UTA,Utah Jazz,21700325,2017-12-01,UTA vs. NOP,W,240,114,42,85,0.494,12,30,0.4,18,25,0.72,8,38,46,25,7,3,7,15,6.0,NOP,22017,1610612740,NOP,New Orleans Pelicans,21700325,NOP @ UTA,L,241,108,42,87,0.483,15,30,0.5,9,15,0.6,6,36,42,28,4,7,10,20,-6.0,UTA
22017,1610612761,TOR,Toronto Raptors,21700319,2017-12-01,TOR vs. IND,W,239,120,48,97,0.495,10,32,0.313,14,21,0.667,12,35,47,29,6,8,12,18,5.0,IND,22017,1610612754,IND,Indiana Pacers,21700319,IND @ TOR,L,240,115,45,102,0.441,8,26,0.308,17,22,0.773,15,31,46,21,7,5,10,17,-5.0,TOR
22017,1610612757,POR,Portland Trail Blazers,21700316,2017-11-30,POR vs. MIL,L,241,91,35,83,0.422,6,23,0.261,15,17,0.882,10,40,50,17,5,3,19,14,-12.0,MIL,22017,1610612749,MIL,Milwaukee Bucks,21700316,MIL @ POR,W,240,103,42,87,0.483,6,20,0.3,13,15,0.867,5,30,35,19,11,5,9,20,12.0,POR
22017,1610612738,BOS,Boston Celtics,21700314,2017-11-30,BOS vs. PHI,W,242,108,40,79,0.506,12,29,0.414,16,20,0.8,7,33,40,25,7,7,16,20,11.0,PHI,22017,1610612755,PHI,Philadelphia 76ers,21700314,PHI @ BOS,L,241,97,35,84,0.417,16,32,0.5,11,18,0.611,15,30,45,24,11,1,19,22,-11.0,BOS
22017,1610612740,NOP,New Orleans Pelicans,21700309,2017-11-29,NOP vs. MIN,L,241,102,39,84,0.464,14,35,0.4,10,11,0.909,8,20,28,27,8,2,16,17,-18.0,MIN,22017,1610612750,MIN,Minnesota Timberwolves,21700309,MIN @ NOP,W,242,120,47,81,0.58,9,23,0.391,17,19,0.895,10,34,44,30,10,1,17,14,18.0,NOP
22017,1610612745,HOU,Houston Rockets,21700308,2017-11-29,HOU vs. IND,W,239,118,42,86,0.488,18,40,0.45,16,21,0.762,10,39,49,26,9,0,15,10,21.0,IND,22017,1610612754,IND,Indiana Pacers,21700308,IND @ HOU,L,238,97,42,88,0.477,7,28,0.25,6,6,1.0,6,30,36,18,9,7,14,17,-21.0,HOU
22017,1610612755,PHI,Philadelphia 76ers,21700305,2017-11-29,PHI vs. WAS,W,240,118,37,81,0.457,3,18,0.167,41,64,0.641,21,43,64,23,6,8,17,27,5.0,WAS,22017,1610612764,WAS,Washington Wizards,21700305,WAS @ PHI,L,239,113,36,89,0.404,9,22,0.409,32,37,0.865,7,28,35,22,8,4,11,42,-5.0,PHI
22017,1610612750,MIN,Minnesota Timberwolves,21700300,2017-11-28,MIN vs. WAS,L,239,89,35,85,0.412,10,30,0.333,9,14,0.643,13,36,49,27,3,1,10,17,-3.0,WAS,22017,1610612764,WAS,Washington Wizards,21700300,WAS @ MIN,W,239,92,36,83,0.434,10,28,0.357,10,17,0.588,9,35,44,23,5,4,7,16,3.0,MIN
22017,1610612739,CLE,Cleveland Cavaliers,21700298,2017-11-28,CLE vs. MIA,W,241,108,40,81,0.494,11,33,0.333,17,23,0.739,5,40,45,21,12,2,13,17,11.0,MIA,22017,1610612748,MIA,Miami Heat,21700298,MIA @ CLE,L,239,97,37,84,0.44,10,31,0.323,13,20,0.65,8,34,42,24,7,5,15,19,-11.0,CLE
22017,1610612755,PHI,Philadelphia 76ers,21700291,2017-11-27,PHI vs. CLE,L,240,91,36,96,0.375,3,28,0.107,16,20,0.8,22,31,53,15,6,2,12,18,-22.0,CLE,22017,1610612739,CLE,Cleveland Cavaliers,21700291,CLE @ PHI,W,242,113,41,86,0.477,15,37,0.405,16,20,0.8,11,35,46,25,7,3,11,21,22.0,PHI
22017,1610612744,GSW,Golden State Warriors,21700284,2017-11-25,GSW vs. NOP,W,239,110,39,94,0.415,10,33,0.303,22,27,0.815,11,33,44,30,11,6,9,24,15.0,NOP,22017,1610612740,NOP,New Orleans Pelicans,21700284,NOP @ GSW,L,240,95,34,84,0.405,11,31,0.355,16,23,0.696,9,36,45,24,2,9,17,24,-15.0,GSW
22017,1610612754,IND,Indiana Pacers,21700281,2017-11-25,IND vs. BOS,L,240,98,38,78,0.487,7,23,0.304,15,15,1.0,10,26,36,20,9,2,18,14,-10.0,BOS,22017,1610612738,BOS,Boston Celtics,21700281,BOS @ IND,W,240,108,45,80,0.563,10,25,0.4,8,9,0.889,4,26,30,22,8,4,14,13,10.0,IND
22017,1610612762,UTA,Utah Jazz,21700285,2017-11-25,UTA vs. MIL,W,239,121,46,81,0.568,18,32,0.563,11,19,0.579,5,25,30,31,8,2,10,19,13.0,MIL,22017,1610612749,MIL,Milwaukee Bucks,21700285,MIL @ UTA,L,239,108,41,77,0.532,8,21,0.381,18,23,0.783,8,32,40,19,5,6,16,21,-13.0,UTA
22017,1610612764,WAS,Washington Wizards,21700279,2017-11-25,WAS vs. POR,L,241,105,41,89,0.461,8,23,0.348,15,16,0.938,7,30,37,20,9,4,11,17,-3.0,POR,22017,1610612757,POR,Portland Trail Blazers,21700279,POR @ WAS,W,240,108,41,80,0.513,9,24,0.375,17,22,0.773,6,35,41,18,3,6,16,16,3.0,WAS
22017,1610612750,MIN,Minnesota Timberwolves,21700272,2017-11-24,MIN vs. MIA,L,241,97,37,84,0.44,7,17,0.412,16,26,0.615,13,31,44,21,9,3,10,16,-12.0,MIA,22017,1610612748,MIA,Miami Heat,21700272,MIA @ MIN,W,240,109,38,80,0.475,19,39,0.487,14,16,0.875,9,33,42,29,4,4,13,24,12.0,MIN
22017,1610612754,IND,Indiana Pacers,21700271,2017-11-24,IND vs. TOR,W,239,107,38,83,0.458,11,26,0.423,20,27,0.741,10,31,41,19,10,3,16,18,3.0,TOR,22017,1610612761,TOR,Toronto Raptors,21700271,TOR @ IND,L,241,104,40,81,0.494,9,30,0.3,15,20,0.75,7,35,42,17,14,4,18,20,-3.0,IND
22017,1610612740,NOP,New Orleans Pelicans,21700262,2017-11-22,NOP vs. SAS,W,241,107,39,81,0.481,7,24,0.292,22,24,0.917,7,38,45,23,7,2,15,18,17.0,SAS,22017,1610612759,SAS,San Antonio Spurs,21700262,SAS @ NOP,L,239,90,35,88,0.398,6,24,0.25,14,15,0.933,8,31,39,22,10,5,15,23,-17.0,NOP
22017,1610612760,OKC,Oklahoma City Thunder,21700263,2017-11-22,OKC vs. GSW,W,241,108,41,90,0.456,8,25,0.32,18,26,0.692,13,37,50,16,15,5,16,21,17.0,GSW,22017,1610612744,GSW,Golden State Warriors,21700263,GSW @ OKC,L,239,91,33,80,0.413,10,31,0.323,15,18,0.833,7,32,39,22,11,8,22,20,-17.0,OKC
22017,1610612748,MIA,Miami Heat,21700257,2017-11-22,MIA vs. BOS,W,240,104,40,81,0.494,10,28,0.357,14,16,0.875,7,41,48,20,3,4,16,22,6.0,BOS,22017,1610612738,BOS,Boston Celtics,21700257,BOS @ MIA,L,239,98,35,84,0.417,9,26,0.346,19,27,0.704,7,30,37,19,11,4,11,19,-6.0,MIA
22017,1610612755,PHI,Philadelphia 76ers,21700255,2017-11-22,PHI vs. POR,W,240,101,39,90,0.433,11,32,0.344,12,17,0.706,11,46,57,23,12,8,18,21,20.0,POR,22017,1610612757,POR,Portland Trail Blazers,21700255,POR @ PHI,L,238,81,30,89,0.337,7,26,0.269,14,24,0.583,11,37,48,14,8,6,17,17,-20.0,PHI
22017,1610612749,MIL,Milwaukee Bucks,21700247,2017-11-20,MIL vs. WAS,L,240,88,35,79,0.443,4,22,0.182,14,19,0.737,6,27,33,17,10,7,9,19,-11.0,WAS,22017,1610612764,WAS,Washington Wizards,21700247,WAS @ MIL,W,240,99,39,74,0.527,9,24,0.375,12,17,0.706,8,38,46,23,4,1,16,18,11.0,MIL
22017,1610612740,NOP,New Orleans Pelicans,21700248,2017-11-20,NOP vs. OKC,W,241,114,41,80,0.513,7,25,0.28,25,32,0.781,7,42,49,26,8,3,19,22,7.0,OKC,22017,1610612760,OKC,Oklahoma City Thunder,21700248,OKC @ NOP,L,240,107,38,89,0.427,11,35,0.314,20,26,0.769,9,31,40,22,14,2,14,25,-7.0,NOP
22017,1610612755,PHI,Philadelphia 76ers,21700244,2017-11-20,PHI vs. UTA,W,239,107,44,85,0.518,4,15,0.267,15,22,0.682,9,46,55,20,11,7,19,18,21.0,UTA,22017,1610612762,UTA,Utah Jazz,21700244,UTA @ PHI,L,239,86,30,85,0.353,9,28,0.321,17,19,0.895,7,27,34,18,16,4,14,19,-21.0,PHI
22017,1610612748,MIA,Miami Heat,21700235,2017-11-19,MIA vs. IND,L,239,95,35,83,0.422,13,37,0.351,12,14,0.857,10,25,35,21,8,2,14,11,-25.0,IND,22017,1610612754,IND,Indiana Pacers,21700235,IND @ MIA,W,241,120,51,85,0.6,11,23,0.478,7,8,0.875,9,33,42,33,9,7,12,14,25.0,MIA
22017,1610612761,TOR,Toronto Raptors,21700237,2017-11-19,TOR vs. WAS,W,240,100,40,90,0.444,10,39,0.256,10,14,0.714,11,37,48,20,8,7,7,19,9.0,WAS,22017,1610612764,WAS,Washington Wizards,21700237,WAS @ TOR,L,241,91,34,81,0.42,11,19,0.579,12,21,0.571,8,35,43,20,5,3,14,12,-9.0,TOR
22017,1610612755,PHI,Philadelphia 76ers,21700231,2017-11-18,PHI vs. GSW,L,239,116,47,97,0.485,10,29,0.345,12,16,0.75,11,29,40,28,8,5,11,22,-8.0,GSW,22017,1610612744,GSW,Golden State Warriors,21700231,GSW @ PHI,W,241,124,50,91,0.549,7,23,0.304,17,20,0.85,11,37,48,25,5,6,12,18,8.2,PHI
22017,1610612759,SAS,San Antonio Spurs,21700223,2017-11-17,SAS vs. OKC,W,241,104,34,77,0.442,14,35,0.4,22,28,0.786,12,32,44,23,6,7,13,18,3.0,OKC,22017,1610612760,OKC,Oklahoma City Thunder,21700223,OKC @ SAS,L,241,101,39,89,0.438,9,23,0.391,14,21,0.667,13,28,41,24,7,3,8,22,-3.0,SAS
22017,1610612764,WAS,Washington Wizards,21700218,2017-11-17,WAS vs. MIA,L,240,88,32,84,0.381,10,35,0.286,14,16,0.875,7,39,46,18,4,4,12,17,-3.0,MIA,22017,1610612748,MIA,Miami Heat,21700218,MIA @ WAS,W,240,91,34,83,0.41,10,35,0.286,13,18,0.722,10,42,52,21,6,7,15,19,3.0,WAS
22017,1610612738,BOS,Boston Celtics,21700215,2017-11-16,BOS vs. GSW,W,240,92,26,79,0.329,7,32,0.219,33,38,0.868,7,45,52,15,8,5,15,15,4.0,GSW,22017,1610612744,GSW,Golden State Warriors,21700215,GSW @ BOS,L,241,88,33,82,0.402,10,32,0.313,12,19,0.632,7,40,47,22,9,10,15,24,-4.0,BOS
22017,1610612740,NOP,New Orleans Pelicans,21700211,2017-11-15,NOP vs. TOR,L,240,116,46,91,0.505,10,27,0.37,14,14,1.0,10,22,32,31,13,3,14,21,-10.0,TOR,22017,1610612761,TOR,Toronto Raptors,21700211,TOR @ NOP,W,240,125,45,76,0.592,16,34,0.471,19,20,0.95,6,31,37,27,8,6,21,20,9.0,NOP
22017,1610612750,MIN,Minnesota Timberwolves,21700210,2017-11-15,MIN vs. SAS,W,239,98,39,87,0.448,9,18,0.5,11,16,0.688,11,30,41,27,9,4,6,16,12.0,SAS,22017,1610612759,SAS,San Antonio Spurs,21700210,SAS @ MIN,L,240,86,33,79,0.418,7,24,0.292,13,15,0.867,13,32,45,20,4,4,16,18,-12.0,MIN
22017,1610612748,MIA,Miami Heat,21700205,2017-11-15,MIA vs. WAS,L,240,93,32,78,0.41,13,30,0.433,16,19,0.842,12,30,42,15,3,3,17,20,-9.0,WAS,22017,1610612764,WAS,Washington Wizards,21700205,WAS @ MIA,W,241,102,32,78,0.41,9,19,0.474,29,31,0.935,11,29,40,9,8,2,12,19,9.0,MIA
22017,1610612745,HOU,Houston Rockets,21700202,2017-11-14,HOU vs. TOR,L,241,113,33,79,0.418,12,39,0.308,35,41,0.854,14,34,48,21,4,4,19,27,-16.0,TOR,22017,1610612761,TOR,Toronto Raptors,21700202,TOR @ HOU,W,242,129,41,78,0.526,14,30,0.467,33,42,0.786,5,31,36,28,11,4,12,30,16.0,HOU
22017,1610612762,UTA,Utah Jazz,21700197,2017-11-13,UTA vs. MIN,L,239,98,37,84,0.44,14,40,0.35,10,11,0.909,8,23,31,23,8,4,15,23,-11.0,MIN,22017,1610612750,MIN,Minnesota Timberwolves,21700197,MIN @ UTA,W,240,109,37,71,0.521,10,20,0.5,25,29,0.862,5,35,40,22,9,5,15,13,11.0,UTA
22017,1610612754,IND,Indiana Pacers,21700190,2017-11-12,IND vs. HOU,L,242,95,37,83,0.446,8,22,0.364,13,21,0.619,7,34,41,18,5,7,13,15,-23.0,HOU,22017,1610612745,HOU,Houston Rockets,21700190,HOU @ IND,W,243,118,43,90,0.478,17,47,0.362,15,18,0.833,10,37,47,24,10,5,13,20,23.0,IND
22017,1610612738,BOS,Boston Celtics,21700188,2017-11-12,BOS vs. TOR,W,239,95,35,87,0.402,10,26,0.385,15,19,0.789,15,31,46,24,9,2,14,18,1.0,TOR,22017,1610612761,TOR,Toronto Raptors,21700188,TOR @ BOS,L,240,94,32,69,0.464,10,24,0.417,20,23,0.87,6,30,36,18,8,8,17,20,-1.0,BOS
22017,1610612744,GSW,Golden State Warriors,21700184,2017-11-11,GSW vs. PHI,W,241,135,48,82,0.585,14,27,0.519,25,26,0.962,4,35,39,31,15,11,22,23,21.0,PHI,22017,1610612755,PHI,Philadelphia 76ers,21700184,PHI @ GSW,L,240,114,44,94,0.468,12,28,0.429,14,20,0.7,13,25,38,30,10,2,19,19,-21.0,GSW
22017,1610612759,SAS,San Antonio Spurs,21700173,2017-11-10,SAS vs. MIL,L,239,87,34,80,0.425,9,29,0.31,10,11,0.909,9,34,43,23,8,6,18,15,-7.0,MIL,22017,1610612749,MIL,Milwaukee Bucks,21700173,MIL @ SAS,W,240,94,41,89,0.461,5,18,0.278,7,14,0.5,11,36,47,27,10,7,13,13,7.0,SAS
22017,1610612762,UTA,Utah Jazz,21700175,2017-11-10,UTA vs. MIA,L,240,74,25,74,0.338,5,21,0.238,19,22,0.864,4,36,40,12,10,7,17,20,-10.0,MIA,22017,1610612748,MIA,Miami Heat,21700175,MIA @ UTA,W,240,84,30,77,0.39,10,25,0.4,14,18,0.778,7,41,48,10,9,6,19,20,10.0,UTA
22017,1610612761,TOR,Toronto Raptors,21700165,2017-11-09,TOR vs. NOP,W,238,122,45,98,0.459,16,42,0.381,16,23,0.696,10,38,48,27,8,4,12,24,4.0,NOP,22017,1610612740,NOP,New Orleans Pelicans,21700165,NOP @ TOR,L,239,118,44,82,0.537,13,31,0.419,17,25,0.68,4,34,38,31,7,4,13,20,-4.0,TOR
22017,1610612745,HOU,Houston Rockets,21700166,2017-11-09,HOU vs. CLE,W,240,117,36,77,0.468,16,46,0.348,29,36,0.806,17,28,45,21,11,5,22,27,4.0,CLE,22017,1610612739,CLE,Cleveland Cavaliers,21700166,CLE @ HOU,L,241,113,45,81,0.556,12,27,0.444,11,14,0.786,4,22,26,24,9,1,18,30,-4.0,HOU
22017,1610612744,GSW,Golden State Warriors,21700163,2017-11-08,GSW vs. MIN,W,241,125,48,85,0.565,15,36,0.417,14,18,0.778,3,42,45,37,10,9,19,23,24.0,MIN,22017,1610612750,MIN,Minnesota Timberwolves,21700163,MIN @ GSW,L,240,101,38,92,0.413,5,24,0.208,20,27,0.741,9,32,41,21,15,0,13,14,-24.0,GSW
22017,1610612754,IND,Indiana Pacers,21700150,2017-11-07,IND vs. NOP,L,240,112,44,93,0.473,9,24,0.375,15,18,0.833,11,30,41,19,4,4,10,21,-5.0,NOP,22017,1610612740,NOP,New Orleans Pelicans,21700150,NOP @ IND,W,240,117,44,87,0.506,14,35,0.4,15,22,0.682,11,32,43,23,6,5,12,18,5.0,IND
22017,1610612739,CLE,Cleveland Cavaliers,21700149,2017-11-07,CLE vs. MIL,W,240,124,41,82,0.5,9,18,0.5,33,38,0.868,12,27,39,18,7,4,12,16,5.0,MIL,22017,1610612749,MIL,Milwaukee Bucks,21700149,MIL @ CLE,L,239,119,47,83,0.566,13,30,0.433,12,16,0.75,8,28,36,29,6,8,16,31,-5.0,CLE
22017,1610612762,UTA,Utah Jazz,21700156,2017-11-07,UTA vs. PHI,L,240,97,30,99,0.303,9,39,0.231,28,35,0.8,14,31,45,15,14,6,12,23,-7.0,PHI,22017,1610612755,PHI,Philadelphia 76ers,21700156,PHI @ UTA,W,240,104,34,81,0.42,12,27,0.444,24,30,0.8,8,48,56,23,5,6,22,34,7.0,UTA
22017,1610612744,GSW,Golden State Warriors,21700148,2017-11-06,GSW vs. MIA,W,239,97,32,87,0.368,11,32,0.344,22,24,0.917,13,38,51,20,12,10,14,21,17.0,MIA,22017,1610612748,MIA,Miami Heat,21700148,MIA @ GSW,L,238,80,30,83,0.361,8,26,0.308,12,17,0.706,7,37,44,19,10,6,20,20,-17.0,GSW
22017,1610612757,POR,Portland Trail Blazers,21700144,2017-11-05,POR vs. OKC,W,241,103,37,74,0.5,7,20,0.35,22,28,0.786,7,37,44,20,6,7,21,20,4.0,OKC,22017,1610612760,OKC,Oklahoma City Thunder,21700144,OKC @ POR,L,241,99,40,89,0.449,11,33,0.333,8,15,0.533,6,26,32,17,11,2,11,27,-4.0,POR
22017,1610612761,TOR,Toronto Raptors,21700139,2017-11-05,TOR vs. WAS,L,241,96,37,80,0.463,5,24,0.208,17,27,0.63,9,27,36,17,7,8,13,24,-11.0,WAS,22017,1610612764,WAS,Washington Wizards,21700139,WAS @ TOR,W,239,107,40,85,0.471,11,23,0.478,16,23,0.696,11,35,46,19,9,3,17,26,11.0,TOR
22017,1610612745,HOU,Houston Rockets,21700140,2017-11-05,HOU vs. UTA,W,241,137,48,81,0.593,23,39,0.59,18,21,0.857,5,37,42,26,9,7,20,24,27.0,UTA,22017,1610612762,UTA,Utah Jazz,21700140,UTA @ HOU,L,242,110,38,88,0.432,13,34,0.382,21,24,0.875,8,25,33,22,7,3,13,18,-27.0,HOU
22017,1610612755,PHI,Philadelphia 76ers,21700121,2017-11-03,PHI vs. IND,W,240,121,46,92,0.5,18,36,0.5,11,14,0.786,12,38,50,34,7,9,18,20,11.0,IND,22017,1610612754,IND,Indiana Pacers,21700121,IND @ PHI,L,241,110,45,97,0.464,8,28,0.286,12,19,0.632,8,32,40,25,6,6,11,18,-11.0,PHI
22017,1610612764,WAS,Washington Wizards,21700122,2017-11-03,WAS vs. CLE,L,239,122,45,84,0.536,11,28,0.393,21,31,0.677,9,28,37,25,5,2,16,24,-8.0,CLE,22017,1610612739,CLE,Cleveland Cavaliers,21700122,CLE @ WAS,W,241,130,46,82,0.561,12,27,0.444,26,28,0.929,8,26,34,20,11,4,14,27,8.0,WAS
22017,1610612762,UTA,Utah Jazz,21700128,2017-11-03,UTA vs. TOR,L,240,100,35,80,0.438,8,23,0.348,22,24,0.917,10,23,33,11,9,5,13,25,-9.0,TOR,22017,1610612761,TOR,Toronto Raptors,21700128,TOR @ UTA,W,240,109,38,71,0.535,11,30,0.367,22,28,0.786,5,34,39,20,9,4,16,27,9.0,UTA
22017,1610612760,OKC,Oklahoma City Thunder,21700129,2017-11-03,OKC vs. BOS,L,241,94,35,87,0.402,13,35,0.371,11,14,0.786,11,37,48,20,4,7,12,18,-7.0,BOS,22017,1610612738,BOS,Boston Celtics,21700129,BOS @ OKC,W,239,101,36,84,0.429,13,28,0.464,16,24,0.667,11,38,49,23,6,2,10,14,7.0,OKC
22017,1610612759,SAS,San Antonio Spurs,21700117,2017-11-02,SAS vs. GSW,L,239,92,34,87,0.391,7,24,0.292,17,23,0.739,14,32,46,19,6,8,16,10,-20.0,GSW,22017,1610612744,GSW,Golden State Warriors,21700117,GSW @ SAS,W,241,112,43,83,0.518,14,28,0.5,12,16,0.75,5,36,41,30,11,12,14,20,20.0,SAS
22017,1610612740,NOP,New Orleans Pelicans,21700113,2017-11-01,NOP vs. MIN,L,239,98,36,84,0.429,8,31,0.258,18,21,0.857,9,29,38,27,13,4,19,24,-6.0,MIN,22017,1610612750,MIN,Minnesota Timberwolves,21700113,MIN @ NOP,W,240,104,41,83,0.494,6,22,0.273,16,24,0.667,11,36,47,20,13,3,21,21,6.0,NOP
22017,1610612739,CLE,Cleveland Cavaliers,21700106,2017-11-01,CLE vs. IND,L,241,107,43,86,0.5,7,31,0.226,14,20,0.7,8,33,41,25,6,3,16,19,-17.0,IND,22017,1610612754,IND,Indiana Pacers,21700106,IND @ CLE,W,239,124,49,90,0.544,16,26,0.615,10,13,0.769,8,35,43,35,9,1,11,23,26.0,CLE
22017,1610612762,UTA,Utah Jazz,21700115,2017-11-01,UTA vs. POR,W,263,112,34,90,0.378,13,29,0.448,31,36,0.861,10,45,55,16,9,8,14,21,9.0,POR,22017,1610612757,POR,Portland Trail Blazers,21700115,POR @ UTA,L,266,103,37,93,0.398,9,34,0.265,20,27,0.741,11,42,53,17,8,8,17,25,-9.0,UTA
22017,1610612749,MIL,Milwaukee Bucks,21700103,2017-10-31,MIL vs. OKC,L,242,91,32,77,0.416,9,31,0.29,18,22,0.818,4,27,31,24,8,4,14,22,-19.0,OKC,22017,1610612760,OKC,Oklahoma City Thunder,21700103,OKC @ MIL,W,241,110,40,81,0.494,12,28,0.429,18,21,0.857,9,37,46,24,6,3,15,20,19.0,MIL
22017,1610612745,HOU,Houston Rockets,21700095,2017-10-30,HOU vs. PHI,L,240,107,33,83,0.398,13,47,0.277,28,38,0.737,10,25,35,17,12,3,15,23,-8.0,PHI,22017,1610612755,PHI,Philadelphia 76ers,21700095,PHI @ HOU,W,240,115,44,80,0.55,10,24,0.417,17,24,0.708,7,41,48,27,10,4,19,31,8.0,HOU
22017,1610612748,MIA,Miami Heat,21700093,2017-10-30,MIA vs. MIN,L,265,122,49,93,0.527,7,27,0.259,17,25,0.68,15,35,50,17,8,5,24,28,-3.0,MIN,22017,1610612750,MIN,Minnesota Timberwolves,21700093,MIN @ MIA,W,265,125,41,91,0.451,11,23,0.478,32,35,0.914,10,30,40,20,16,4,16,25,3.0,MIA
22017,1610612738,BOS,Boston Celtics,21700092,2017-10-30,BOS vs. SAS,W,239,108,42,88,0.477,11,31,0.355,13,16,0.813,15,39,54,24,10,6,13,22,14.0,SAS,22017,1610612759,SAS,San Antonio Spurs,21700092,SAS @ BOS,L,241,94,36,87,0.414,12,26,0.462,10,20,0.5,12,28,40,24,8,4,11,14,-14.0,BOS
22017,1610612757,POR,Portland Trail Blazers,21700099,2017-10-30,POR vs. TOR,L,240,85,31,80,0.388,8,26,0.308,15,19,0.789,6,32,38,13,5,7,13,15,-14.0,TOR,22017,1610612761,TOR,Toronto Raptors,21700099,TOR @ POR,W,240,99,39,87,0.448,8,24,0.333,13,17,0.765,8,39,47,17,10,9,9,14,14.0,POR
22017,1610612754,IND,Indiana Pacers,21700086,2017-10-29,IND vs. SAS,W,239,97,36,77,0.468,10,22,0.455,15,20,0.75,6,38,44,21,9,3,19,20,3.0,SAS,22017,1610612759,SAS,San Antonio Spurs,21700086,SAS @ IND,L,239,94,36,90,0.4,9,28,0.321,13,18,0.722,12,32,44,19,12,8,15,11,-3.0,IND
22017,1610612748,MIA,Miami Heat,21700078,2017-10-28,MIA vs. BOS,L,240,90,34,79,0.43,7,31,0.226,15,16,0.938,6,34,40,17,6,9,19,23,-6.0,BOS,22017,1610612738,BOS,Boston Celtics,21700078,BOS @ MIA,W,240,96,34,81,0.42,6,23,0.261,22,26,0.846,11,30,41,15,11,5,12,14,6.0,MIA
22017,1610612740,NOP,New Orleans Pelicans,21700077,2017-10-28,NOP vs. CLE,W,239,123,49,95,0.516,13,33,0.394,12,16,0.75,10,37,47,33,10,4,11,20,22.0,CLE,22017,1610612739,CLE,Cleveland Cavaliers,21700077,CLE @ NOP,L,241,101,36,78,0.462,12,32,0.375,17,23,0.739,5,32,37,19,8,2,18,19,-22.0,NOP
22017,1610612744,GSW,Golden State Warriors,21700075,2017-10-27,GSW vs. WAS,W,240,120,46,95,0.484,10,38,0.263,18,20,0.9,15,38,53,33,7,13,17,20,3.0,WAS,22017,1610612764,WAS,Washington Wizards,21700075,WAS @ GSW,L,242,117,43,97,0.443,15,33,0.455,16,22,0.727,12,29,41,30,7,6,14,21,-3.0,GSW
22017,1610612750,MIN,Minnesota Timberwolves,21700074,2017-10-27,MIN vs. OKC,W,239,119,42,86,0.488,8,22,0.364,27,35,0.771,17,27,44,23,5,7,15,21,3.0,OKC,22017,1610612760,OKC,Oklahoma City Thunder,21700074,OKC @ MIN,L,241,116,43,86,0.5,8,28,0.286,22,25,0.88,11,24,35,19,8,9,14,29,-3.0,MIN
22017,1610612749,MIL,Milwaukee Bucks,21700067,2017-10-26,MIL vs. BOS,L,240,89,35,77,0.455,11,25,0.44,8,14,0.571,2,35,37,22,6,3,16,20,-7.0,BOS,22017,1610612738,BOS,Boston Celtics,21700067,BOS @ MIL,W,241,96,33,78,0.423,11,30,0.367,19,22,0.864,6,39,45,21,7,4,15,14,7.0,MIL
22017,1610612755,PHI,Philadelphia 76ers,21700057,2017-10-25,PHI vs. HOU,L,240,104,43,97,0.443,12,36,0.333,6,10,0.6,12,31,43,29,14,7,14,19,-1.0,HOU,22017,1610612745,HOU,Houston Rockets,21700057,HOU @ PHI,W,239,105,36,75,0.48,12,39,0.308,21,24,0.875,7,33,40,22,11,13,19,13,1.0,PHI
22017,1610612744,GSW,Golden State Warriors,21700063,2017-10-25,GSW vs. TOR,W,241,117,43,77,0.558,12,26,0.462,19,22,0.864,6,31,37,32,10,7,17,15,5.0,TOR,22017,1610612761,TOR,Toronto Raptors,21700063,TOR @ GSW,L,240,112,43,94,0.457,8,34,0.235,18,19,0.947,17,25,42,30,10,6,16,16,-5.0,GSW
22017,1610612760,OKC,Oklahoma City Thunder,21700060,2017-10-25,OKC vs. IND,W,241,114,43,89,0.483,10,27,0.37,18,26,0.692,16,33,49,26,8,8,21,27,18.0,IND,22017,1610612754,IND,Indiana Pacers,21700060,IND @ OKC,L,238,96,28,83,0.337,10,29,0.345,30,35,0.857,14,27,41,13,13,2,19,23,-18.0,OKC
22017,1610612748,MIA,Miami Heat,21700059,2017-10-25,MIA vs. SAS,L,239,100,37,80,0.463,9,26,0.346,17,18,0.944,4,28,32,19,6,2,9,25,-17.0,SAS,22017,1610612759,SAS,San Antonio Spurs,21700059,SAS @ MIA,W,239,117,42,76,0.553,10,17,0.588,23,30,0.767,8,36,44,18,6,3,13,20,17.0,MIA
22017,1610612757,POR,Portland Trail Blazers,21700053,2017-10-24,POR vs. NOP,W,240,103,33,88,0.375,10,29,0.345,27,33,0.818,18,45,63,17,7,7,18,22,10.0,NOP,22017,1610612740,NOP,New Orleans Pelicans,21700053,NOP @ POR,L,241,93,30,76,0.395,9,30,0.3,24,32,0.75,4,38,42,17,5,7,17,26,-10.0,POR
22017,1610612750,MIN,Minnesota Timberwolves,21700052,2017-10-24,MIN vs. IND,L,243,107,42,86,0.488,9,24,0.375,14,22,0.636,9,18,27,27,9,4,14,14,-23.0,IND,22017,1610612754,IND,Indiana Pacers,21700052,IND @ MIN,W,238,130,56,84,0.667,10,22,0.455,8,11,0.727,8,34,42,31,8,2,17,21,23.0,MIN
22017,1610612759,SAS,San Antonio Spurs,21700046,2017-10-23,SAS vs. TOR,W,239,101,40,90,0.444,5,20,0.25,16,23,0.696,18,37,55,19,4,12,20,22,4.0,TOR,22017,1610612761,TOR,Toronto Raptors,21700046,TOR @ SAS,L,239,97,34,80,0.425,10,37,0.27,19,24,0.792,5,29,34,17,11,4,14,30,-4.0,SAS
22017,1610612760,OKC,Oklahoma City Thunder,21700039,2017-10-22,OKC vs. MIN,L,239,113,46,96,0.479,11,31,0.355,10,16,0.625,9,27,36,26,9,6,11,22,-2.0,MIN,22017,1610612750,MIN,Minnesota Timberwolves,21700039,MIN @ OKC,W,240,115,43,86,0.5,10,25,0.4,19,23,0.826,10,35,45,25,5,1,17,17,2.0,OKC
22017,1610612762,UTA,Utah Jazz,21700036,2017-10-21,UTA vs. OKC,W,241,96,38,77,0.494,9,29,0.31,11,14,0.786,7,34,41,22,11,4,18,21,9.0,OKC,22017,1610612760,OKC,Oklahoma City Thunder,21700036,OKC @ UTA,L,242,87,32,78,0.41,11,33,0.333,12,19,0.632,8,30,38,15,14,4,17,16,-9.0,UTA
22017,1610612749,MIL,Milwaukee Bucks,21700034,2017-10-21,MIL vs. POR,W,239,113,42,80,0.525,7,18,0.389,22,30,0.733,7,28,35,22,9,8,14,23,-2.0,POR,22017,1610612757,POR,Portland Trail Blazers,21700034,POR @ MIL,L,240,110,34,81,0.42,11,28,0.393,31,35,0.886,13,29,42,18,10,6,16,22,2.0,MIL
22017,1610612748,MIA,Miami Heat,21700029,2017-10-21,MIA vs. IND,W,240,112,45,87,0.517,14,34,0.412,8,14,0.571,6,39,45,24,6,11,14,19,4.0,IND,22017,1610612754,IND,Indiana Pacers,21700029,IND @ MIA,L,239,108,43,96,0.448,7,19,0.368,15,21,0.714,13,32,45,18,9,4,10,18,-4.0,MIA
22017,1610612761,TOR,Toronto Raptors,21700027,2017-10-21,TOR vs. PHI,W,239,128,42,89,0.472,13,44,0.295,31,37,0.838,8,43,51,23,5,10,13,29,34.0,PHI,22017,1610612755,PHI,Philadelphia 76ers,21700027,PHI @ TOR,L,239,94,32,82,0.39,8,24,0.333,22,36,0.611,8,33,41,18,5,4,20,26,-34.0,TOR
22017,1610612749,MIL,Milwaukee Bucks,21700021,2017-10-20,MIL vs. CLE,L,240,97,38,82,0.463,11,35,0.314,10,12,0.833,8,22,30,23,9,2,14,17,-19.0,CLE,22017,1610612739,CLE,Cleveland Cavaliers,21700021,CLE @ MIL,W,239,116,44,81,0.543,11,26,0.423,17,17,1.0,9,35,44,25,8,3,17,11,20.0,MIL
22017,1610612755,PHI,Philadelphia 76ers,21700019,2017-10-20,PHI vs. BOS,L,239,92,35,92,0.38,10,32,0.313,12,16,0.75,14,33,47,20,7,4,16,30,-10.0,BOS,22017,1610612738,BOS,Boston Celtics,21700019,BOS @ PHI,W,240,102,35,84,0.417,10,29,0.345,22,32,0.688,14,41,55,16,4,5,19,24,10.0,PHI
22017,1610612754,IND,Indiana Pacers,21700018,2017-10-20,IND vs. POR,L,240,96,35,78,0.449,4,18,0.222,22,33,0.667,6,33,39,15,1,4,12,17,-18.0,POR,22017,1610612757,POR,Portland Trail Blazers,21700018,POR @ IND,W,240,114,46,95,0.484,9,19,0.474,13,17,0.765,11,40,51,19,5,6,9,26,18.0,IND
22017,1610612750,MIN,Minnesota Timberwolves,21700023,2017-10-20,MIN vs. UTA,W,240,100,36,81,0.444,7,22,0.318,21,26,0.808,10,34,44,17,11,2,15,17,-1.0,UTA,22017,1610612762,UTA,Utah Jazz,21700023,UTA @ MIN,L,241,97,37,77,0.481,9,22,0.409,14,17,0.824,7,31,38,23,10,8,19,21,1.0,MIN
22017,1610612740,NOP,New Orleans Pelicans,21700025,2017-10-20,NOP vs. GSW,L,242,120,45,98,0.459,16,36,0.444,14,22,0.636,16,34,50,26,8,4,17,19,-8.0,GSW,22017,1610612744,GSW,Golden State Warriors,21700025,GSW @ NOP,W,241,128,47,91,0.516,18,40,0.45,16,20,0.8,10,39,49,29,6,8,18,23,8.0,NOP
22017,1610612759,SAS,San Antonio Spurs,21700011,2017-10-18,SAS vs. MIN,W,240,107,41,89,0.461,8,21,0.381,17,19,0.895,12,38,50,22,8,11,11,18,8.0,MIN,22017,1610612750,MIN,Minnesota Timberwolves,21700011,MIN @ SAS,L,240,99,37,85,0.435,8,19,0.421,17,23,0.739,11,31,42,23,7,4,13,16,-8.0,SAS
22017,1610612738,BOS,Boston Celtics,21700007,2017-10-18,BOS vs. MIL,L,240,100,39,91,0.429,11,28,0.393,11,21,0.524,11,32,43,23,12,2,12,27,-8.0,MIL,22017,1610612749,MIL,Milwaukee Bucks,21700007,MIL @ BOS,W,238,108,38,76,0.5,7,21,0.333,25,30,0.833,6,39,45,19,6,4,15,22,8.0,BOS
22017,1610612764,WAS,Washington Wizards,21700006,2017-10-18,WAS vs. PHI,W,240,120,42,97,0.433,6,22,0.273,30,38,0.789,16,36,52,21,8,10,9,20,5.0,PHI,22017,1610612755,PHI,Philadelphia 76ers,21700006,PHI @ WAS,L,240,115,43,93,0.462,15,35,0.429,14,19,0.737,11,37,48,25,6,6,17,28,-5.0,WAS
22017,1610612739,CLE,Cleveland Cavaliers,21700001,2017-10-17,CLE vs. BOS,W,239,102,38,83,0.458,5,22,0.227,21,25,0.84,9,41,50,19,3,4,17,25,3.0,BOS,22017,1610612738,BOS,Boston Celtics,21700001,BOS @ CLE,L,241,99,36,88,0.409,8,32,0.25,19,25,0.76,9,37,46,24,11,4,10,24,-3.0,CLE
22017,1610612744,GSW,Golden State Warriors,21700002,2017-10-17,GSW vs. HOU,L,241,121,43,80,0.538,16,30,0.533,19,21,0.905,6,35,41,34,5,9,17,25,-1.0,HOU,22017,1610612745,HOU,Houston Rockets,21700002,HOU @ GSW,W,239,122,47,97,0.485,15,41,0.366,13,19,0.684,10,33,43,28,9,5,12,16,1.0,GSW
